"sep=,"
FILENAME,LOC,NOFC,LOF,ANDAVG,ANDSTDEV,SDEGMEAN,SDEGSTD,TDEGMEAN,TDEGSTD,HOM,HET,HOHE,GRANGL,GRANFL,GRANBL,GRANSL,GRANEL,GRANML,GRANERR,NDMAX,NOFPFCMEAN,NOFPFCSTD
/home/johannes/CMPUT663/cmput663-cpp-replic/cppstats/projects/httpd-2.4.28/_cppstats/include/ap_compat.h.xml,3,0,0,0,0,,,,,,,,0,0,0,0,0,0,0,0,,
/home/johannes/CMPUT663/cmput663-cpp-replic/cppstats/projects/httpd-2.4.28/_cppstats/include/ap_config.h.xml,87,18,41,1.0625,0.25,,,,,,,,26,0,0,0,0,0,0,2,,
/home/johannes/CMPUT663/cmput663-cpp-replic/cppstats/projects/httpd-2.4.28/_cppstats/include/ap_expr.h.xml,94,1,2,1.0,0.0,,,,,,,,1,1,0,0,0,0,0,1,,
/home/johannes/CMPUT663/cmput663-cpp-replic/cppstats/projects/httpd-2.4.28/_cppstats/include/ap_hooks.h.xml,21,3,4,1.0,0.0,,,,,,,,3,0,0,0,0,0,0,1,,
/home/johannes/CMPUT663/cmput663-cpp-replic/cppstats/projects/httpd-2.4.28/_cppstats/include/ap_listen.h.xml,43,1,2,1.0,0.0,,,,,,,,1,1,0,0,0,0,0,1,,
/home/johannes/CMPUT663/cmput663-cpp-replic/cppstats/projects/httpd-2.4.28/_cppstats/include/ap_mmn.h.xml,9,1,1,1.0,0,,,,,,,,1,0,0,0,0,0,0,1,,
/home/johannes/CMPUT663/cmput663-cpp-replic/cppstats/projects/httpd-2.4.28/_cppstats/include/ap_mpm.h.xml,67,3,10,1.0,0.0,,,,,,,,1,4,0,0,0,0,0,1,,
/home/johannes/CMPUT663/cmput663-cpp-replic/cppstats/projects/httpd-2.4.28/_cppstats/include/ap_provider.h.xml,27,1,2,1.0,0.0,,,,,,,,1,1,0,0,0,0,0,1,,
/home/johannes/CMPUT663/cmput663-cpp-replic/cppstats/projects/httpd-2.4.28/_cppstats/include/ap_regex.h.xml,64,2,4,1.0,0.0,,,,,,,,1,3,0,0,0,0,0,1,,
/home/johannes/CMPUT663/cmput663-cpp-replic/cppstats/projects/httpd-2.4.28/_cppstats/include/ap_regkey.h.xml,64,3,57,1.6666666666666667,0.5773502691896257,,,,,,,,2,1,0,0,0,0,0,2,,
/home/johannes/CMPUT663/cmput663-cpp-replic/cppstats/projects/httpd-2.4.28/_cppstats/include/ap_release.h.xml,28,3,4,1.3333333333333333,0.5773502691896257,,,,,,,,4,0,0,0,0,0,0,2,,
/home/johannes/CMPUT663/cmput663-cpp-replic/cppstats/projects/httpd-2.4.28/_cppstats/include/ap_slotmem.h.xml,46,2,3,1.0,0.0,,,,,,,,2,1,0,0,0,0,0,1,,
/home/johannes/CMPUT663/cmput663-cpp-replic/cppstats/projects/httpd-2.4.28/_cppstats/include/ap_socache.h.xml,55,1,2,1.0,0.0,,,,,,,,1,1,0,0,0,0,0,1,,
/home/johannes/CMPUT663/cmput663-cpp-replic/cppstats/projects/httpd-2.4.28/_cppstats/include/apache_noprobes.h.xml,323,0,0,0,0,,,,,,,,0,0,0,0,0,0,0,0,,
/home/johannes/CMPUT663/cmput663-cpp-replic/cppstats/projects/httpd-2.4.28/_cppstats/include/heartbeat.h.xml,19,1,2,1.0,0.0,,,,,,,,1,1,0,0,0,0,0,1,,
/home/johannes/CMPUT663/cmput663-cpp-replic/cppstats/projects/httpd-2.4.28/_cppstats/include/http_config.h.xml,357,7,69,1.0,0.0,,,,,,,,1,9,0,0,0,0,0,1,,
/home/johannes/CMPUT663/cmput663-cpp-replic/cppstats/projects/httpd-2.4.28/_cppstats/include/http_connection.h.xml,25,1,2,1.0,0.0,,,,,,,,1,1,0,0,0,0,0,1,,
/home/johannes/CMPUT663/cmput663-cpp-replic/cppstats/projects/httpd-2.4.28/_cppstats/include/http_core.h.xml,345,8,11,1.0,0.0,,,,,,,,2,6,0,0,0,0,0,1,,
/home/johannes/CMPUT663/cmput663-cpp-replic/cppstats/projects/httpd-2.4.28/_cppstats/include/http_log.h.xml,285,7,141,1.3703703703703705,0.49210287762341126,,,,,,,,1,48,0,0,0,0,0,2,,
/home/johannes/CMPUT663/cmput663-cpp-replic/cppstats/projects/httpd-2.4.28/_cppstats/include/http_main.h.xml,23,1,2,1.0,0.0,,,,,,,,1,1,0,0,0,0,0,1,,
/home/johannes/CMPUT663/cmput663-cpp-replic/cppstats/projects/httpd-2.4.28/_cppstats/include/http_protocol.h.xml,160,3,11,1.0,0.0,,,,,,,,1,4,0,0,0,0,0,1,,
/home/johannes/CMPUT663/cmput663-cpp-replic/cppstats/projects/httpd-2.4.28/_cppstats/include/http_request.h.xml,101,1,2,1.0,0.0,,,,,,,,1,1,0,0,0,0,0,1,,
/home/johannes/CMPUT663/cmput663-cpp-replic/cppstats/projects/httpd-2.4.28/_cppstats/include/http_vhost.h.xml,21,1,2,1.0,0.0,,,,,,,,1,1,0,0,0,0,0,1,,
/home/johannes/CMPUT663/cmput663-cpp-replic/cppstats/projects/httpd-2.4.28/_cppstats/include/httpd.h.xml,681,35,59,1.105263157894737,0.3110117477759047,,,,,,,,2,46,0,0,0,0,0,2,,
/home/johannes/CMPUT663/cmput663-cpp-replic/cppstats/projects/httpd-2.4.28/_cppstats/include/mod_auth.h.xml,66,4,5,1.0,0.0,,,,,,,,1,4,0,0,0,0,0,1,,
/home/johannes/CMPUT663/cmput663-cpp-replic/cppstats/projects/httpd-2.4.28/_cppstats/include/mod_core.h.xml,29,1,2,1.0,0.0,,,,,,,,1,1,0,0,0,0,0,1,,
/home/johannes/CMPUT663/cmput663-cpp-replic/cppstats/projects/httpd-2.4.28/_cppstats/include/mod_request.h.xml,21,1,2,1.0,0.0,,,,,,,,1,1,0,0,0,0,0,1,,
/home/johannes/CMPUT663/cmput663-cpp-replic/cppstats/projects/httpd-2.4.28/_cppstats/include/mpm_common.h.xml,120,11,41,1.0,0.0,,,,,,,,2,10,0,0,0,0,0,1,,
/home/johannes/CMPUT663/cmput663-cpp-replic/cppstats/projects/httpd-2.4.28/_cppstats/include/scoreboard.h.xml,123,5,7,1.0,0.0,,,,,,,,1,5,0,0,0,0,0,1,,
/home/johannes/CMPUT663/cmput663-cpp-replic/cppstats/projects/httpd-2.4.28/_cppstats/include/util_cfgtree.h.xml,23,1,2,1.0,0.0,,,,,,,,1,1,0,0,0,0,0,1,,
/home/johannes/CMPUT663/cmput663-cpp-replic/cppstats/projects/httpd-2.4.28/_cppstats/include/util_charset.h.xml,13,3,5,1.0,0.0,,,,,,,,1,2,0,0,0,0,0,1,,
/home/johannes/CMPUT663/cmput663-cpp-replic/cppstats/projects/httpd-2.4.28/_cppstats/include/util_cookies.h.xml,37,1,2,1.0,0.0,,,,,,,,1,1,0,0,0,0,0,1,,
/home/johannes/CMPUT663/cmput663-cpp-replic/cppstats/projects/httpd-2.4.28/_cppstats/include/util_ebcdic.h.xml,20,3,9,1.0,0.0,,,,,,,,1,3,0,0,0,0,0,1,,
/home/johannes/CMPUT663/cmput663-cpp-replic/cppstats/projects/httpd-2.4.28/_cppstats/include/util_fcgi.h.xml,93,1,2,1.0,0.0,,,,,,,,1,1,0,0,0,0,0,1,,
/home/johannes/CMPUT663/cmput663-cpp-replic/cppstats/projects/httpd-2.4.28/_cppstats/include/util_filter.h.xml,132,2,3,1.0,0.0,,,,,,,,2,1,0,0,0,0,0,1,,
/home/johannes/CMPUT663/cmput663-cpp-replic/cppstats/projects/httpd-2.4.28/_cppstats/include/util_ldap.h.xml,153,10,120,1.7272727272727273,0.46709936649691375,,,,,,,,12,4,0,0,0,0,0,2,,
/home/johannes/CMPUT663/cmput663-cpp-replic/cppstats/projects/httpd-2.4.28/_cppstats/include/util_md5.h.xml,12,1,2,1.0,0.0,,,,,,,,1,1,0,0,0,0,0,1,,
/home/johannes/CMPUT663/cmput663-cpp-replic/cppstats/projects/httpd-2.4.28/_cppstats/include/util_mutex.h.xml,75,6,16,1.0,0.0,,,,,,,,15,1,0,0,0,0,0,1,,
/home/johannes/CMPUT663/cmput663-cpp-replic/cppstats/projects/httpd-2.4.28/_cppstats/include/util_script.h.xml,48,3,4,1.25,0.5,,,,,,,,1,4,0,0,0,0,0,2,,
/home/johannes/CMPUT663/cmput663-cpp-replic/cppstats/projects/httpd-2.4.28/_cppstats/include/util_time.h.xml,22,1,2,1.0,0.0,,,,,,,,1,1,0,0,0,0,0,1,,
/home/johannes/CMPUT663/cmput663-cpp-replic/cppstats/projects/httpd-2.4.28/_cppstats/include/util_varbuf.h.xml,39,1,2,1.0,0.0,,,,,,,,1,1,0,0,0,0,0,1,,
/home/johannes/CMPUT663/cmput663-cpp-replic/cppstats/projects/httpd-2.4.28/_cppstats/include/util_xml.h.xml,10,1,2,1.0,0.0,,,,,,,,1,1,0,0,0,0,0,1,,
/home/johannes/CMPUT663/cmput663-cpp-replic/cppstats/projects/httpd-2.4.28/_cppstats/modules/aaa/mod_access_compat.c.xml,288,1,1,1.0,0,,,,,,,,1,0,0,0,0,0,0,1,,
/home/johannes/CMPUT663/cmput663-cpp-replic/cppstats/projects/httpd-2.4.28/_cppstats/modules/aaa/mod_allowmethods.c.xml,100,0,0,0,0,,,,,,,,0,0,0,0,0,0,0,0,,
/home/johannes/CMPUT663/cmput663-cpp-replic/cppstats/projects/httpd-2.4.28/_cppstats/modules/aaa/mod_auth_basic.c.xml,372,0,0,0,0,,,,,,,,0,0,0,0,0,0,0,0,,
/home/johannes/CMPUT663/cmput663-cpp-replic/cppstats/projects/httpd-2.4.28/_cppstats/modules/aaa/mod_auth_digest.c.xml,1413,3,77,1.0,0.0,,,,,,,,2,4,0,0,0,0,0,1,,
/home/johannes/CMPUT663/cmput663-cpp-replic/cppstats/projects/httpd-2.4.28/_cppstats/modules/aaa/mod_auth_form.c.xml,920,0,3,1.0,0,,,,,,,,0,2,0,0,0,0,0,1,,
/home/johannes/CMPUT663/cmput663-cpp-replic/cppstats/projects/httpd-2.4.28/_cppstats/modules/aaa/mod_authn_anon.c.xml,136,0,0,0,0,,,,,,,,0,0,0,0,0,0,0,0,,
/home/johannes/CMPUT663/cmput663-cpp-replic/cppstats/projects/httpd-2.4.28/_cppstats/modules/aaa/mod_authn_core.c.xml,258,1,1,1.0,0,,,,,,,,1,0,0,0,0,0,0,1,,
/home/johannes/CMPUT663/cmput663-cpp-replic/cppstats/projects/httpd-2.4.28/_cppstats/modules/aaa/mod_authn_dbd.c.xml,258,2,44,1.0,0.0,,,,,,,,0,0,2,0,0,0,0,1,,
/home/johannes/CMPUT663/cmput663-cpp-replic/cppstats/projects/httpd-2.4.28/_cppstats/modules/aaa/mod_authn_dbm.c.xml,146,1,2,1.0,0,,,,,,,,0,2,0,0,0,0,0,1,,
/home/johannes/CMPUT663/cmput663-cpp-replic/cppstats/projects/httpd-2.4.28/_cppstats/modules/aaa/mod_authn_file.c.xml,140,0,0,0,0,,,,,,,,0,0,0,0,0,0,0,0,,
/home/johannes/CMPUT663/cmput663-cpp-replic/cppstats/projects/httpd-2.4.28/_cppstats/modules/aaa/mod_authn_socache.c.xml,376,0,0,0,0,,,,,,,,0,0,0,0,0,0,0,0,,
/home/johannes/CMPUT663/cmput663-cpp-replic/cppstats/projects/httpd-2.4.28/_cppstats/modules/aaa/mod_authnz_fcgi.c.xml,1055,1,5,1.0,0.0,,,,,,,,1,1,1,0,0,0,0,1,,
/home/johannes/CMPUT663/cmput663-cpp-replic/cppstats/projects/httpd-2.4.28/_cppstats/modules/aaa/mod_authnz_ldap.c.xml,1471,7,52,1.1666666666666667,0.38924947208076155,,,,,,,,1,4,9,0,0,0,0,2,,
/home/johannes/CMPUT663/cmput663-cpp-replic/cppstats/projects/httpd-2.4.28/_cppstats/modules/aaa/mod_authz_core.c.xml,853,2,5,1.0,0.0,,,,,,,,1,1,0,0,0,0,0,1,,
/home/johannes/CMPUT663/cmput663-cpp-replic/cppstats/projects/httpd-2.4.28/_cppstats/modules/aaa/mod_authz_dbd.c.xml,328,0,0,0,0,,,,,,,,0,0,0,0,0,0,0,0,,
/home/johannes/CMPUT663/cmput663-cpp-replic/cppstats/projects/httpd-2.4.28/_cppstats/modules/aaa/mod_authz_dbd.h.xml,21,3,12,1.0,0,,,,,,,,4,0,0,0,0,0,0,1,,
/home/johannes/CMPUT663/cmput663-cpp-replic/cppstats/projects/httpd-2.4.28/_cppstats/modules/aaa/mod_authz_dbm.c.xml,245,1,2,1.0,0,,,,,,,,0,2,0,0,0,0,0,1,,
/home/johannes/CMPUT663/cmput663-cpp-replic/cppstats/projects/httpd-2.4.28/_cppstats/modules/aaa/mod_authz_groupfile.c.xml,228,0,0,0,0,,,,,,,,0,0,0,0,0,0,0,0,,
/home/johannes/CMPUT663/cmput663-cpp-replic/cppstats/projects/httpd-2.4.28/_cppstats/modules/aaa/mod_authz_host.c.xml,277,2,5,1.0,0.0,,,,,,,,2,1,0,0,1,0,0,1,,
/home/johannes/CMPUT663/cmput663-cpp-replic/cppstats/projects/httpd-2.4.28/_cppstats/modules/aaa/mod_authz_owner.c.xml,144,1,87,1.0,0.0,,,,,,,,0,4,0,0,0,0,0,1,,
/home/johannes/CMPUT663/cmput663-cpp-replic/cppstats/projects/httpd-2.4.28/_cppstats/modules/aaa/mod_authz_owner.h.xml,3,0,0,0,0,,,,,,,,0,0,0,0,0,0,0,0,,
/home/johannes/CMPUT663/cmput663-cpp-replic/cppstats/projects/httpd-2.4.28/_cppstats/modules/aaa/mod_authz_user.c.xml,106,0,0,0,0,,,,,,,,0,0,0,0,0,0,0,0,,
/home/johannes/CMPUT663/cmput663-cpp-replic/cppstats/projects/httpd-2.4.28/_cppstats/modules/arch/netware/libprews.c.xml,48,1,6,1.0,0.0,,,,,,,,1,4,0,0,0,0,0,1,,
/home/johannes/CMPUT663/cmput663-cpp-replic/cppstats/projects/httpd-2.4.28/_cppstats/modules/arch/netware/mod_netware.c.xml,139,1,120,1.0,0,,,,,,,,1,0,0,0,0,0,0,1,,
/home/johannes/CMPUT663/cmput663-cpp-replic/cppstats/projects/httpd-2.4.28/_cppstats/modules/arch/netware/mod_nw_ssl.c.xml,942,1,1,1.0,0,,,,,,,,1,0,0,0,0,0,0,1,,
/home/johannes/CMPUT663/cmput663-cpp-replic/cppstats/projects/httpd-2.4.28/_cppstats/modules/arch/unix/mod_privileges.c.xml,443,1,38,1.0,0.0,,,,,,,,1,1,0,0,0,0,0,1,,
/home/johannes/CMPUT663/cmput663-cpp-replic/cppstats/projects/httpd-2.4.28/_cppstats/modules/arch/unix/mod_unixd.c.xml,337,14,57,1.0,0.0,,,,,,,,11,3,1,0,2,0,0,1,,
/home/johannes/CMPUT663/cmput663-cpp-replic/cppstats/projects/httpd-2.4.28/_cppstats/modules/arch/unix/mod_unixd.h.xml,9,1,2,1.0,0.0,,,,,,,,1,1,0,0,0,0,0,1,,
/home/johannes/CMPUT663/cmput663-cpp-replic/cppstats/projects/httpd-2.4.28/_cppstats/modules/arch/win32/mod_isapi.c.xml,1183,1,1,1.0,0,,,,,,,,0,1,0,0,0,0,0,1,,
/home/johannes/CMPUT663/cmput663-cpp-replic/cppstats/projects/httpd-2.4.28/_cppstats/modules/arch/win32/mod_isapi.h.xml,143,7,8,1.0,0.0,,,,,,,,1,7,0,0,0,0,0,1,,
/home/johannes/CMPUT663/cmput663-cpp-replic/cppstats/projects/httpd-2.4.28/_cppstats/modules/arch/win32/mod_win32.c.xml,413,1,410,1.0,0,,,,,,,,1,0,0,0,0,0,0,1,,
/home/johannes/CMPUT663/cmput663-cpp-replic/cppstats/projects/httpd-2.4.28/_cppstats/modules/cache/cache_common.h.xml,25,0,0,0,0,,,,,,,,0,0,0,0,0,0,0,0,,
/home/johannes/CMPUT663/cmput663-cpp-replic/cppstats/projects/httpd-2.4.28/_cppstats/modules/cache/cache_disk_common.h.xml,27,0,0,0,0,,,,,,,,0,0,0,0,0,0,0,0,,
/home/johannes/CMPUT663/cmput663-cpp-replic/cppstats/projects/httpd-2.4.28/_cppstats/modules/cache/cache_socache_common.h.xml,17,0,0,0,0,,,,,,,,0,0,0,0,0,0,0,0,,
/home/johannes/CMPUT663/cmput663-cpp-replic/cppstats/projects/httpd-2.4.28/_cppstats/modules/cache/cache_storage.c.xml,457,0,0,0,0,,,,,,,,0,0,0,0,0,0,0,0,,
/home/johannes/CMPUT663/cmput663-cpp-replic/cppstats/projects/httpd-2.4.28/_cppstats/modules/cache/cache_storage.h.xml,18,1,2,1.0,0.0,,,,,,,,1,1,0,0,0,0,0,1,,
/home/johannes/CMPUT663/cmput663-cpp-replic/cppstats/projects/httpd-2.4.28/_cppstats/modules/cache/cache_util.c.xml,885,0,0,0,0,,,,,,,,0,0,0,0,0,0,0,0,,
/home/johannes/CMPUT663/cmput663-cpp-replic/cppstats/projects/httpd-2.4.28/_cppstats/modules/cache/cache_util.h.xml,177,7,8,1.0,0.0,,,,,,,,1,7,0,0,0,0,0,1,,
/home/johannes/CMPUT663/cmput663-cpp-replic/cppstats/projects/httpd-2.4.28/_cppstats/modules/cache/mod_cache.c.xml,1615,0,0,0,0,,,,,,,,0,0,0,0,0,0,0,0,,
/home/johannes/CMPUT663/cmput663-cpp-replic/cppstats/projects/httpd-2.4.28/_cppstats/modules/cache/mod_cache.h.xml,93,3,12,1.0,0,,,,,,,,4,0,0,0,0,0,0,1,,
/home/johannes/CMPUT663/cmput663-cpp-replic/cppstats/projects/httpd-2.4.28/_cppstats/modules/cache/mod_cache_disk.c.xml,1134,2,22,1.0,0.0,,,,,,,,0,1,2,0,0,0,0,1,,
/home/johannes/CMPUT663/cmput663-cpp-replic/cppstats/projects/httpd-2.4.28/_cppstats/modules/cache/mod_cache_disk.h.xml,51,0,0,0,0,,,,,,,,0,0,0,0,0,0,0,0,,
/home/johannes/CMPUT663/cmput663-cpp-replic/cppstats/projects/httpd-2.4.28/_cppstats/modules/cache/mod_cache_socache.c.xml,1204,0,0,0,0,,,,,,,,0,0,0,0,0,0,0,0,,
/home/johannes/CMPUT663/cmput663-cpp-replic/cppstats/projects/httpd-2.4.28/_cppstats/modules/cache/mod_file_cache.c.xml,253,3,46,1.0,0.0,,,,,,,,2,10,0,0,0,0,0,1,,
/home/johannes/CMPUT663/cmput663-cpp-replic/cppstats/projects/httpd-2.4.28/_cppstats/modules/cache/mod_socache_dbm.c.xml,453,9,44,1.1428571428571428,0.37796447300922725,,,,,,,,7,3,0,0,0,0,0,2,,
/home/johannes/CMPUT663/cmput663-cpp-replic/cppstats/projects/httpd-2.4.28/_cppstats/modules/cache/mod_socache_dc.c.xml,140,1,3,1.0,0.0,,,,,,,,1,2,0,0,0,0,0,1,,
/home/johannes/CMPUT663/cmput663-cpp-replic/cppstats/projects/httpd-2.4.28/_cppstats/modules/cache/mod_socache_memcache.c.xml,326,7,269,1.5714285714285714,0.5345224838248488,,,,,,,,6,1,0,0,0,0,0,2,,
/home/johannes/CMPUT663/cmput663-cpp-replic/cppstats/projects/httpd-2.4.28/_cppstats/modules/cache/mod_socache_shmcb.c.xml,747,1,1,1.0,0,,,,,,,,1,0,0,0,0,0,0,1,,
/home/johannes/CMPUT663/cmput663-cpp-replic/cppstats/projects/httpd-2.4.28/_cppstats/modules/cluster/mod_heartbeat.c.xml,169,1,1,1.0,0,,,,,,,,1,0,0,0,0,0,0,1,,
/home/johannes/CMPUT663/cmput663-cpp-replic/cppstats/projects/httpd-2.4.28/_cppstats/modules/cluster/mod_heartmonitor.c.xml,743,1,1,1.0,0,,,,,,,,1,0,0,0,0,0,0,1,,
/home/johannes/CMPUT663/cmput663-cpp-replic/cppstats/projects/httpd-2.4.28/_cppstats/modules/core/mod_macro.c.xml,602,2,3,1.0,0.0,,,,,,,,3,0,0,0,0,0,0,1,,
/home/johannes/CMPUT663/cmput663-cpp-replic/cppstats/projects/httpd-2.4.28/_cppstats/modules/core/mod_so.c.xml,241,1,195,1.0,0.0,,,,,,,,2,1,0,0,0,0,0,1,,
/home/johannes/CMPUT663/cmput663-cpp-replic/cppstats/projects/httpd-2.4.28/_cppstats/modules/core/mod_so.h.xml,5,0,0,0,0,,,,,,,,0,0,0,0,0,0,0,0,,
/home/johannes/CMPUT663/cmput663-cpp-replic/cppstats/projects/httpd-2.4.28/_cppstats/modules/core/mod_watchdog.c.xml,527,0,0,0,0,,,,,,,,0,0,0,0,0,0,0,0,,
/home/johannes/CMPUT663/cmput663-cpp-replic/cppstats/projects/httpd-2.4.28/_cppstats/modules/core/mod_watchdog.h.xml,76,5,14,1.25,0.5,,,,,,,,1,6,0,0,0,0,0,2,,
/home/johannes/CMPUT663/cmput663-cpp-replic/cppstats/projects/httpd-2.4.28/_cppstats/modules/database/mod_dbd.c.xml,738,2,249,1.0,0.0,,,,,,,,6,8,3,0,0,2,0,1,,
/home/johannes/CMPUT663/cmput663-cpp-replic/cppstats/projects/httpd-2.4.28/_cppstats/modules/database/mod_dbd.h.xml,55,4,17,1.0,0.0,,,,,,,,4,1,0,0,0,0,0,1,,
/home/johannes/CMPUT663/cmput663-cpp-replic/cppstats/projects/httpd-2.4.28/_cppstats/modules/dav/fs/dbm.c.xml,478,0,0,0,0,,,,,,,,0,0,0,0,0,0,0,0,,
/home/johannes/CMPUT663/cmput663-cpp-replic/cppstats/projects/httpd-2.4.28/_cppstats/modules/dav/fs/lock.c.xml,934,1,13,1.0,0.0,,,,,,,,0,2,0,0,0,0,0,1,,
/home/johannes/CMPUT663/cmput663-cpp-replic/cppstats/projects/httpd-2.4.28/_cppstats/modules/dav/fs/mod_dav_fs.c.xml,68,0,0,0,0,,,,,,,,0,0,0,0,0,0,0,0,,
/home/johannes/CMPUT663/cmput663-cpp-replic/cppstats/projects/httpd-2.4.28/_cppstats/modules/dav/fs/repos.c.xml,1463,5,85,1.0,0.0,,,,,,,,4,11,0,0,0,0,0,1,,
/home/johannes/CMPUT663/cmput663-cpp-replic/cppstats/projects/httpd-2.4.28/_cppstats/modules/dav/fs/repos.h.xml,33,0,0,0,0,,,,,,,,0,0,0,0,0,0,0,0,,
/home/johannes/CMPUT663/cmput663-cpp-replic/cppstats/projects/httpd-2.4.28/_cppstats/modules/dav/lock/locks.c.xml,775,1,13,1.0,0.0,,,,,,,,0,2,0,0,0,0,0,1,,
/home/johannes/CMPUT663/cmput663-cpp-replic/cppstats/projects/httpd-2.4.28/_cppstats/modules/dav/lock/locks.h.xml,2,0,0,0,0,,,,,,,,0,0,0,0,0,0,0,0,,
/home/johannes/CMPUT663/cmput663-cpp-replic/cppstats/projects/httpd-2.4.28/_cppstats/modules/dav/lock/mod_dav_lock.c.xml,64,0,0,0,0,,,,,,,,0,0,0,0,0,0,0,0,,
/home/johannes/CMPUT663/cmput663-cpp-replic/cppstats/projects/httpd-2.4.28/_cppstats/modules/dav/main/liveprop.c.xml,90,0,0,0,0,,,,,,,,0,0,0,0,0,0,0,0,,
/home/johannes/CMPUT663/cmput663-cpp-replic/cppstats/projects/httpd-2.4.28/_cppstats/modules/dav/main/mod_dav.c.xml,3153,0,1,1.0,0,,,,,,,,0,1,0,0,0,0,0,1,,
/home/johannes/CMPUT663/cmput663-cpp-replic/cppstats/projects/httpd-2.4.28/_cppstats/modules/dav/main/mod_dav.h.xml,850,4,22,1.0,0.0,,,,,,,,2,6,0,0,0,0,0,1,,
/home/johannes/CMPUT663/cmput663-cpp-replic/cppstats/projects/httpd-2.4.28/_cppstats/modules/dav/main/props.c.xml,612,2,14,1.2,0.4472135954999579,,,,,,,,0,2,2,0,1,0,0,2,,
/home/johannes/CMPUT663/cmput663-cpp-replic/cppstats/projects/httpd-2.4.28/_cppstats/modules/dav/main/providers.c.xml,34,0,0,0,0,,,,,,,,0,0,0,0,0,0,0,0,,
/home/johannes/CMPUT663/cmput663-cpp-replic/cppstats/projects/httpd-2.4.28/_cppstats/modules/dav/main/std_liveprop.c.xml,160,0,0,0,0,,,,,,,,0,0,0,0,0,0,0,0,,
/home/johannes/CMPUT663/cmput663-cpp-replic/cppstats/projects/httpd-2.4.28/_cppstats/modules/dav/main/util.c.xml,1250,2,27,1.0,0.0,,,,,,,,1,2,0,0,1,0,0,1,,
/home/johannes/CMPUT663/cmput663-cpp-replic/cppstats/projects/httpd-2.4.28/_cppstats/modules/dav/main/util_lock.c.xml,442,1,7,1.0,0,,,,,,,,0,0,1,0,0,0,0,1,,
/home/johannes/CMPUT663/cmput663-cpp-replic/cppstats/projects/httpd-2.4.28/_cppstats/modules/debugging/mod_bucketeer.c.xml,129,0,0,0,0,,,,,,,,0,0,0,0,0,0,0,0,,
/home/johannes/CMPUT663/cmput663-cpp-replic/cppstats/projects/httpd-2.4.28/_cppstats/modules/debugging/mod_dumpio.c.xml,160,1,12,1.0,0.0,,,,,,,,0,0,3,0,0,0,0,1,,
/home/johannes/CMPUT663/cmput663-cpp-replic/cppstats/projects/httpd-2.4.28/_cppstats/modules/echo/mod_echo.c.xml,156,0,0,0,0,,,,,,,,0,0,0,0,0,0,0,0,,
/home/johannes/CMPUT663/cmput663-cpp-replic/cppstats/projects/httpd-2.4.28/_cppstats/modules/examples/mod_case_filter.c.xml,91,0,0,0,0,,,,,,,,0,0,0,0,0,0,0,0,,
/home/johannes/CMPUT663/cmput663-cpp-replic/cppstats/projects/httpd-2.4.28/_cppstats/modules/examples/mod_case_filter_in.c.xml,107,0,0,0,0,,,,,,,,0,0,0,0,0,0,0,0,,
/home/johannes/CMPUT663/cmput663-cpp-replic/cppstats/projects/httpd-2.4.28/_cppstats/modules/examples/mod_example_hooks.c.xml,531,2,33,1.0,0.0,,,,,,,,5,5,0,0,0,0,0,1,,
/home/johannes/CMPUT663/cmput663-cpp-replic/cppstats/projects/httpd-2.4.28/_cppstats/modules/examples/mod_example_ipc.c.xml,177,2,2,1.0,0.0,,,,,,,,2,0,0,0,0,0,0,1,,
/home/johannes/CMPUT663/cmput663-cpp-replic/cppstats/projects/httpd-2.4.28/_cppstats/modules/filters/libsed.h.xml,121,1,2,1.0,0.0,,,,,,,,1,1,0,0,0,0,0,1,,
/home/johannes/CMPUT663/cmput663-cpp-replic/cppstats/projects/httpd-2.4.28/_cppstats/modules/filters/mod_brotli.c.xml,435,0,0,0,0,,,,,,,,0,0,0,0,0,0,0,0,,
/home/johannes/CMPUT663/cmput663-cpp-replic/cppstats/projects/httpd-2.4.28/_cppstats/modules/filters/mod_buffer.c.xml,210,0,0,0,0,,,,,,,,0,0,0,0,0,0,0,0,,
/home/johannes/CMPUT663/cmput663-cpp-replic/cppstats/projects/httpd-2.4.28/_cppstats/modules/filters/mod_charset_lite.c.xml,773,1,1,1.0,0,,,,,,,,0,0,0,0,1,0,0,1,,
/home/johannes/CMPUT663/cmput663-cpp-replic/cppstats/projects/httpd-2.4.28/_cppstats/modules/filters/mod_data.c.xml,150,0,0,0,0,,,,,,,,0,0,0,0,0,0,0,0,,
/home/johannes/CMPUT663/cmput663-cpp-replic/cppstats/projects/httpd-2.4.28/_cppstats/modules/filters/mod_deflate.c.xml,1371,0,0,0,0,,,,,,,,0,0,0,0,0,0,0,0,,
/home/johannes/CMPUT663/cmput663-cpp-replic/cppstats/projects/httpd-2.4.28/_cppstats/modules/filters/mod_ext_filter.c.xml,753,6,39,1.4285714285714286,0.5345224838248488,,,,,,,,0,6,2,0,0,0,0,2,,
/home/johannes/CMPUT663/cmput663-cpp-replic/cppstats/projects/httpd-2.4.28/_cppstats/modules/filters/mod_filter.c.xml,618,1,129,1.0,0.0,,,,,,,,1,4,3,0,0,0,0,1,,
/home/johannes/CMPUT663/cmput663-cpp-replic/cppstats/projects/httpd-2.4.28/_cppstats/modules/filters/mod_include.c.xml,3087,6,120,1.0,0.0,,,,,,,,6,4,2,0,0,0,0,1,,
/home/johannes/CMPUT663/cmput663-cpp-replic/cppstats/projects/httpd-2.4.28/_cppstats/modules/filters/mod_include.h.xml,37,0,0,0,0,,,,,,,,0,0,0,0,0,0,0,0,,
/home/johannes/CMPUT663/cmput663-cpp-replic/cppstats/projects/httpd-2.4.28/_cppstats/modules/filters/mod_proxy_html.c.xml,1128,3,18,1.0,0.0,,,,,,,,2,5,3,0,0,0,0,1,,
/home/johannes/CMPUT663/cmput663-cpp-replic/cppstats/projects/httpd-2.4.28/_cppstats/modules/filters/mod_ratelimit.c.xml,261,1,12,1.0,0.0,,,,,,,,1,0,1,0,0,0,0,1,,
/home/johannes/CMPUT663/cmput663-cpp-replic/cppstats/projects/httpd-2.4.28/_cppstats/modules/filters/mod_ratelimit.h.xml,24,3,12,1.0,0,,,,,,,,4,0,0,0,0,0,0,1,,
/home/johannes/CMPUT663/cmput663-cpp-replic/cppstats/projects/httpd-2.4.28/_cppstats/modules/filters/mod_reflector.c.xml,143,0,0,0,0,,,,,,,,0,0,0,0,0,0,0,0,,
/home/johannes/CMPUT663/cmput663-cpp-replic/cppstats/projects/httpd-2.4.28/_cppstats/modules/filters/mod_reqtimeout.c.xml,495,3,12,1.0,0.0,,,,,,,,0,2,3,0,0,0,0,1,,
/home/johannes/CMPUT663/cmput663-cpp-replic/cppstats/projects/httpd-2.4.28/_cppstats/modules/filters/mod_request.c.xml,263,0,0,0,0,,,,,,,,0,0,0,0,0,0,0,0,,
/home/johannes/CMPUT663/cmput663-cpp-replic/cppstats/projects/httpd-2.4.28/_cppstats/modules/filters/mod_sed.c.xml,391,0,0,0,0,,,,,,,,0,0,0,0,0,0,0,0,,
/home/johannes/CMPUT663/cmput663-cpp-replic/cppstats/projects/httpd-2.4.28/_cppstats/modules/filters/mod_substitute.c.xml,489,0,0,0,0,,,,,,,,0,0,0,0,0,0,0,0,,
/home/johannes/CMPUT663/cmput663-cpp-replic/cppstats/projects/httpd-2.4.28/_cppstats/modules/filters/mod_xml2enc.c.xml,512,1,1,1.0,0,,,,,,,,1,0,0,0,0,0,0,1,,
/home/johannes/CMPUT663/cmput663-cpp-replic/cppstats/projects/httpd-2.4.28/_cppstats/modules/filters/mod_xml2enc.h.xml,30,3,12,1.0,0,,,,,,,,4,0,0,0,0,0,0,1,,
/home/johannes/CMPUT663/cmput663-cpp-replic/cppstats/projects/httpd-2.4.28/_cppstats/modules/filters/regexp.c.xml,482,2,2,1.0,0.0,,,,,,,,2,0,0,0,0,0,0,1,,
/home/johannes/CMPUT663/cmput663-cpp-replic/cppstats/projects/httpd-2.4.28/_cppstats/modules/filters/regexp.h.xml,70,1,2,1.0,0.0,,,,,,,,2,0,0,0,0,0,0,1,,
/home/johannes/CMPUT663/cmput663-cpp-replic/cppstats/projects/httpd-2.4.28/_cppstats/modules/filters/sed.h.xml,34,0,0,0,0,,,,,,,,0,0,0,0,0,0,0,0,,
/home/johannes/CMPUT663/cmput663-cpp-replic/cppstats/projects/httpd-2.4.28/_cppstats/modules/filters/sed0.c.xml,833,1,4,1.0,0.0,,,,,,,,0,1,1,0,0,0,0,1,,
/home/johannes/CMPUT663/cmput663-cpp-replic/cppstats/projects/httpd-2.4.28/_cppstats/modules/filters/sed1.c.xml,793,0,0,0,0,,,,,,,,0,0,0,0,0,0,0,0,,
/home/johannes/CMPUT663/cmput663-cpp-replic/cppstats/projects/httpd-2.4.28/_cppstats/modules/generators/mod_asis.c.xml,88,0,0,0,0,,,,,,,,0,0,0,0,0,0,0,0,,
/home/johannes/CMPUT663/cmput663-cpp-replic/cppstats/projects/httpd-2.4.28/_cppstats/modules/generators/mod_autoindex.c.xml,1827,2,15,1.0,0.0,,,,,,,,4,0,4,1,0,0,0,1,,
/home/johannes/CMPUT663/cmput663-cpp-replic/cppstats/projects/httpd-2.4.28/_cppstats/modules/generators/mod_cgi.c.xml,930,11,171,1.1428571428571428,0.3631365196012815,,,,,,,,3,8,0,0,3,2,0,2,,
/home/johannes/CMPUT663/cmput663-cpp-replic/cppstats/projects/httpd-2.4.28/_cppstats/modules/generators/mod_cgi.h.xml,20,0,0,0,0,,,,,,,,0,0,0,0,0,0,0,0,,
/home/johannes/CMPUT663/cmput663-cpp-replic/cppstats/projects/httpd-2.4.28/_cppstats/modules/generators/mod_cgid.c.xml,1427,18,103,1.2592592592592593,0.4465760847047225,,,,,,,,10,12,3,0,4,0,0,2,,
/home/johannes/CMPUT663/cmput663-cpp-replic/cppstats/projects/httpd-2.4.28/_cppstats/modules/generators/mod_info.c.xml,838,34,41,1.0571428571428572,0.23550410797680282,,,,,,,,1,34,0,0,0,0,1,2,,
/home/johannes/CMPUT663/cmput663-cpp-replic/cppstats/projects/httpd-2.4.28/_cppstats/modules/generators/mod_status.c.xml,829,4,62,1.05,0.22360679774997905,,,,,,,,4,6,5,4,0,2,0,2,,
/home/johannes/CMPUT663/cmput663-cpp-replic/cppstats/projects/httpd-2.4.28/_cppstats/modules/generators/mod_status.h.xml,25,3,12,1.0,0,,,,,,,,4,0,0,0,0,0,0,1,,
/home/johannes/CMPUT663/cmput663-cpp-replic/cppstats/projects/httpd-2.4.28/_cppstats/modules/generators/mod_suexec.c.xml,86,0,0,0,0,,,,,,,,0,0,0,0,0,0,0,0,,
/home/johannes/CMPUT663/cmput663-cpp-replic/cppstats/projects/httpd-2.4.28/_cppstats/modules/generators/mod_suexec.h.xml,6,0,0,0,0,,,,,,,,0,0,0,0,0,0,0,0,,
/home/johannes/CMPUT663/cmput663-cpp-replic/cppstats/projects/httpd-2.4.28/_cppstats/modules/http/byterange_filter.c.xml,450,5,5,1.0,0.0,,,,,,,,5,0,0,0,0,0,0,1,,
/home/johannes/CMPUT663/cmput663-cpp-replic/cppstats/projects/httpd-2.4.28/_cppstats/modules/http/chunk_filter.c.xml,103,0,0,0,0,,,,,,,,0,0,0,0,0,0,0,0,,
/home/johannes/CMPUT663/cmput663-cpp-replic/cppstats/projects/httpd-2.4.28/_cppstats/modules/http/http_core.c.xml,223,0,0,0,0,,,,,,,,0,0,0,0,0,0,0,0,,
/home/johannes/CMPUT663/cmput663-cpp-replic/cppstats/projects/httpd-2.4.28/_cppstats/modules/http/http_etag.c.xml,135,0,0,0,0,,,,,,,,0,0,0,0,0,0,0,0,,
/home/johannes/CMPUT663/cmput663-cpp-replic/cppstats/projects/httpd-2.4.28/_cppstats/modules/http/http_filters.c.xml,1284,4,51,1.0,0.0,,,,,,,,2,9,0,0,0,0,0,1,,
/home/johannes/CMPUT663/cmput663-cpp-replic/cppstats/projects/httpd-2.4.28/_cppstats/modules/http/http_protocol.c.xml,1197,2,2,1.0,0.0,,,,,,,,2,0,0,0,0,0,0,1,,
/home/johannes/CMPUT663/cmput663-cpp-replic/cppstats/projects/httpd-2.4.28/_cppstats/modules/http/http_request.c.xml,513,2,6,1.0,0.0,,,,,,,,1,3,1,0,0,0,0,1,,
/home/johannes/CMPUT663/cmput663-cpp-replic/cppstats/projects/httpd-2.4.28/_cppstats/modules/http/mod_mime.c.xml,804,0,0,0,0,,,,,,,,0,0,0,0,0,0,0,0,,
/home/johannes/CMPUT663/cmput663-cpp-replic/cppstats/projects/httpd-2.4.28/_cppstats/modules/http2/h2.h.xml,105,0,0,0,0,,,,,,,,0,0,0,0,0,0,0,0,,
/home/johannes/CMPUT663/cmput663-cpp-replic/cppstats/projects/httpd-2.4.28/_cppstats/modules/http2/h2_alt_svc.c.xml,92,0,0,0,0,,,,,,,,0,0,0,0,0,0,0,0,,
/home/johannes/CMPUT663/cmput663-cpp-replic/cppstats/projects/httpd-2.4.28/_cppstats/modules/http2/h2_alt_svc.h.xml,9,0,0,0,0,,,,,,,,0,0,0,0,0,0,0,0,,
/home/johannes/CMPUT663/cmput663-cpp-replic/cppstats/projects/httpd-2.4.28/_cppstats/modules/http2/h2_bucket_beam.c.xml,1020,1,1,1.0,0,,,,,,,,0,0,1,0,0,0,0,1,,
/home/johannes/CMPUT663/cmput663-cpp-replic/cppstats/projects/httpd-2.4.28/_cppstats/modules/http2/h2_bucket_beam.h.xml,123,0,0,0,0,,,,,,,,0,0,0,0,0,0,0,0,,
/home/johannes/CMPUT663/cmput663-cpp-replic/cppstats/projects/httpd-2.4.28/_cppstats/modules/http2/h2_bucket_eos.c.xml,77,0,0,0,0,,,,,,,,0,0,0,0,0,0,0,0,,
/home/johannes/CMPUT663/cmput663-cpp-replic/cppstats/projects/httpd-2.4.28/_cppstats/modules/http2/h2_bucket_eos.h.xml,7,0,0,0,0,,,,,,,,0,0,0,0,0,0,0,0,,
/home/johannes/CMPUT663/cmput663-cpp-replic/cppstats/projects/httpd-2.4.28/_cppstats/modules/http2/h2_config.c.xml,589,0,0,0,0,,,,,,,,0,0,0,0,0,0,0,0,,
/home/johannes/CMPUT663/cmput663-cpp-replic/cppstats/projects/httpd-2.4.28/_cppstats/modules/http2/h2_config.h.xml,69,0,0,0,0,,,,,,,,0,0,0,0,0,0,0,0,,
/home/johannes/CMPUT663/cmput663-cpp-replic/cppstats/projects/httpd-2.4.28/_cppstats/modules/http2/h2_conn.c.xml,276,0,0,0,0,,,,,,,,0,0,0,0,0,0,0,0,,
/home/johannes/CMPUT663/cmput663-cpp-replic/cppstats/projects/httpd-2.4.28/_cppstats/modules/http2/h2_conn.h.xml,24,0,0,0,0,,,,,,,,0,0,0,0,0,0,0,0,,
/home/johannes/CMPUT663/cmput663-cpp-replic/cppstats/projects/httpd-2.4.28/_cppstats/modules/http2/h2_conn_io.c.xml,307,1,3,1.0,0,,,,,,,,0,0,1,0,0,0,0,1,,
/home/johannes/CMPUT663/cmput663-cpp-replic/cppstats/projects/httpd-2.4.28/_cppstats/modules/http2/h2_conn_io.h.xml,28,0,0,0,0,,,,,,,,0,0,0,0,0,0,0,0,,
/home/johannes/CMPUT663/cmput663-cpp-replic/cppstats/projects/httpd-2.4.28/_cppstats/modules/http2/h2_ctx.c.xml,88,0,0,0,0,,,,,,,,0,0,0,0,0,0,0,0,,
/home/johannes/CMPUT663/cmput663-cpp-replic/cppstats/projects/httpd-2.4.28/_cppstats/modules/http2/h2_ctx.h.xml,26,0,0,0,0,,,,,,,,0,0,0,0,0,0,0,0,,
/home/johannes/CMPUT663/cmput663-cpp-replic/cppstats/projects/httpd-2.4.28/_cppstats/modules/http2/h2_filter.c.xml,458,0,0,0,0,,,,,,,,0,0,0,0,0,0,0,0,,
/home/johannes/CMPUT663/cmput663-cpp-replic/cppstats/projects/httpd-2.4.28/_cppstats/modules/http2/h2_filter.h.xml,36,0,0,0,0,,,,,,,,0,0,0,0,0,0,0,0,,
/home/johannes/CMPUT663/cmput663-cpp-replic/cppstats/projects/httpd-2.4.28/_cppstats/modules/http2/h2_from_h1.c.xml,656,0,0,0,0,,,,,,,,0,0,0,0,0,0,0,0,,
/home/johannes/CMPUT663/cmput663-cpp-replic/cppstats/projects/httpd-2.4.28/_cppstats/modules/http2/h2_from_h1.h.xml,12,0,0,0,0,,,,,,,,0,0,0,0,0,0,0,0,,
/home/johannes/CMPUT663/cmput663-cpp-replic/cppstats/projects/httpd-2.4.28/_cppstats/modules/http2/h2_h2.c.xml,600,0,0,0,0,,,,,,,,0,0,0,0,0,0,0,0,,
/home/johannes/CMPUT663/cmput663-cpp-replic/cppstats/projects/httpd-2.4.28/_cppstats/modules/http2/h2_h2.h.xml,10,0,0,0,0,,,,,,,,0,0,0,0,0,0,0,0,,
/home/johannes/CMPUT663/cmput663-cpp-replic/cppstats/projects/httpd-2.4.28/_cppstats/modules/http2/h2_headers.c.xml,132,0,0,0,0,,,,,,,,0,0,0,0,0,0,0,0,,
/home/johannes/CMPUT663/cmput663-cpp-replic/cppstats/projects/httpd-2.4.28/_cppstats/modules/http2/h2_headers.h.xml,20,0,0,0,0,,,,,,,,0,0,0,0,0,0,0,0,,
/home/johannes/CMPUT663/cmput663-cpp-replic/cppstats/projects/httpd-2.4.28/_cppstats/modules/http2/h2_mplx.c.xml,964,0,0,0,0,,,,,,,,0,0,0,0,0,0,0,0,,
/home/johannes/CMPUT663/cmput663-cpp-replic/cppstats/projects/httpd-2.4.28/_cppstats/modules/http2/h2_mplx.h.xml,105,0,0,0,0,,,,,,,,0,0,0,0,0,0,0,0,,
/home/johannes/CMPUT663/cmput663-cpp-replic/cppstats/projects/httpd-2.4.28/_cppstats/modules/http2/h2_ngn_shed.c.xml,308,0,0,0,0,,,,,,,,0,0,0,0,0,0,0,0,,
/home/johannes/CMPUT663/cmput663-cpp-replic/cppstats/projects/httpd-2.4.28/_cppstats/modules/http2/h2_ngn_shed.h.xml,43,0,0,0,0,,,,,,,,0,0,0,0,0,0,0,0,,
/home/johannes/CMPUT663/cmput663-cpp-replic/cppstats/projects/httpd-2.4.28/_cppstats/modules/http2/h2_private.h.xml,5,0,0,0,0,,,,,,,,0,0,0,0,0,0,0,0,,
/home/johannes/CMPUT663/cmput663-cpp-replic/cppstats/projects/httpd-2.4.28/_cppstats/modules/http2/h2_proxy_session.c.xml,1315,4,22,1.0,0.0,,,,,,,,1,1,1,0,0,0,0,1,,
/home/johannes/CMPUT663/cmput663-cpp-replic/cppstats/projects/httpd-2.4.28/_cppstats/modules/http2/h2_proxy_session.h.xml,79,0,0,0,0,,,,,,,,0,0,0,0,0,0,0,0,,
/home/johannes/CMPUT663/cmput663-cpp-replic/cppstats/projects/httpd-2.4.28/_cppstats/modules/http2/h2_proxy_util.c.xml,1071,0,0,0,0,,,,,,,,0,0,0,0,0,0,0,0,,
/home/johannes/CMPUT663/cmput663-cpp-replic/cppstats/projects/httpd-2.4.28/_cppstats/modules/http2/h2_proxy_util.h.xml,75,0,0,0,0,,,,,,,,0,0,0,0,0,0,0,0,,
/home/johannes/CMPUT663/cmput663-cpp-replic/cppstats/projects/httpd-2.4.28/_cppstats/modules/http2/h2_push.c.xml,791,3,32,1.0,0.0,,,,,,,,2,2,1,0,0,0,0,1,,
/home/johannes/CMPUT663/cmput663-cpp-replic/cppstats/projects/httpd-2.4.28/_cppstats/modules/http2/h2_push.h.xml,43,0,0,0,0,,,,,,,,0,0,0,0,0,0,0,0,,
/home/johannes/CMPUT663/cmput663-cpp-replic/cppstats/projects/httpd-2.4.28/_cppstats/modules/http2/h2_request.c.xml,236,0,0,0,0,,,,,,,,0,0,0,0,0,0,0,0,,
/home/johannes/CMPUT663/cmput663-cpp-replic/cppstats/projects/httpd-2.4.28/_cppstats/modules/http2/h2_request.h.xml,13,0,0,0,0,,,,,,,,0,0,0,0,0,0,0,0,,
/home/johannes/CMPUT663/cmput663-cpp-replic/cppstats/projects/httpd-2.4.28/_cppstats/modules/http2/h2_session.c.xml,1852,2,85,1.0,0.0,,,,,,,,1,3,0,0,0,0,0,1,,
/home/johannes/CMPUT663/cmput663-cpp-replic/cppstats/projects/httpd-2.4.28/_cppstats/modules/http2/h2_session.h.xml,98,0,0,0,0,,,,,,,,0,0,0,0,0,0,0,0,,
/home/johannes/CMPUT663/cmput663-cpp-replic/cppstats/projects/httpd-2.4.28/_cppstats/modules/http2/h2_stream.c.xml,912,1,33,1.0,0.0,,,,,,,,0,1,1,0,0,0,0,1,,
/home/johannes/CMPUT663/cmput663-cpp-replic/cppstats/projects/httpd-2.4.28/_cppstats/modules/http2/h2_stream.h.xml,90,0,0,0,0,,,,,,,,0,0,0,0,0,0,0,0,,
/home/johannes/CMPUT663/cmput663-cpp-replic/cppstats/projects/httpd-2.4.28/_cppstats/modules/http2/h2_switch.c.xml,132,0,0,0,0,,,,,,,,0,0,0,0,0,0,0,0,,
/home/johannes/CMPUT663/cmput663-cpp-replic/cppstats/projects/httpd-2.4.28/_cppstats/modules/http2/h2_switch.h.xml,3,0,0,0,0,,,,,,,,0,0,0,0,0,0,0,0,,
/home/johannes/CMPUT663/cmput663-cpp-replic/cppstats/projects/httpd-2.4.28/_cppstats/modules/http2/h2_task.c.xml,577,0,0,0,0,,,,,,,,0,0,0,0,0,0,0,0,,
/home/johannes/CMPUT663/cmput663-cpp-replic/cppstats/projects/httpd-2.4.28/_cppstats/modules/http2/h2_task.h.xml,65,0,0,0,0,,,,,,,,0,0,0,0,0,0,0,0,,
/home/johannes/CMPUT663/cmput663-cpp-replic/cppstats/projects/httpd-2.4.28/_cppstats/modules/http2/h2_util.c.xml,1704,0,0,0,0,,,,,,,,0,0,0,0,0,0,0,0,,
/home/johannes/CMPUT663/cmput663-cpp-replic/cppstats/projects/httpd-2.4.28/_cppstats/modules/http2/h2_util.h.xml,139,0,0,0,0,,,,,,,,0,0,0,0,0,0,0,0,,
/home/johannes/CMPUT663/cmput663-cpp-replic/cppstats/projects/httpd-2.4.28/_cppstats/modules/http2/h2_version.h.xml,8,0,0,0,0,,,,,,,,0,0,0,0,0,0,0,0,,
/home/johannes/CMPUT663/cmput663-cpp-replic/cppstats/projects/httpd-2.4.28/_cppstats/modules/http2/h2_workers.c.xml,282,0,0,0,0,,,,,,,,0,0,0,0,0,0,0,0,,
/home/johannes/CMPUT663/cmput663-cpp-replic/cppstats/projects/httpd-2.4.28/_cppstats/modules/http2/h2_workers.h.xml,32,0,0,0,0,,,,,,,,0,0,0,0,0,0,0,0,,
/home/johannes/CMPUT663/cmput663-cpp-replic/cppstats/projects/httpd-2.4.28/_cppstats/modules/http2/mod_http2.c.xml,291,5,5,1.0,0.0,,,,,,,,1,4,0,0,0,0,0,1,,
/home/johannes/CMPUT663/cmput663-cpp-replic/cppstats/projects/httpd-2.4.28/_cppstats/modules/http2/mod_http2.h.xml,30,0,0,0,0,,,,,,,,0,0,0,0,0,0,0,0,,
/home/johannes/CMPUT663/cmput663-cpp-replic/cppstats/projects/httpd-2.4.28/_cppstats/modules/http2/mod_proxy_http2.c.xml,513,0,0,0,0,,,,,,,,0,0,0,0,0,0,0,0,,
/home/johannes/CMPUT663/cmput663-cpp-replic/cppstats/projects/httpd-2.4.28/_cppstats/modules/http2/mod_proxy_http2.h.xml,0,0,0,0,0,,,,,,,,0,0,0,0,0,0,0,0,,
/home/johannes/CMPUT663/cmput663-cpp-replic/cppstats/projects/httpd-2.4.28/_cppstats/modules/ldap/util_ldap.c.xml,2242,17,141,1.1,0.30382181012510023,,,,,,,,10,25,10,0,1,0,0,2,,
/home/johannes/CMPUT663/cmput663-cpp-replic/cppstats/projects/httpd-2.4.28/_cppstats/modules/ldap/util_ldap_cache.c.xml,366,2,355,1.6666666666666667,0.5773502691896257,,,,,,,,1,2,0,0,0,0,0,2,,
/home/johannes/CMPUT663/cmput663-cpp-replic/cppstats/projects/httpd-2.4.28/_cppstats/modules/ldap/util_ldap_cache.h.xml,111,3,103,1.6666666666666667,0.5773502691896257,,,,,,,,3,1,0,0,0,0,0,2,,
/home/johannes/CMPUT663/cmput663-cpp-replic/cppstats/projects/httpd-2.4.28/_cppstats/modules/ldap/util_ldap_cache_mgr.c.xml,690,2,666,1.8571428571428572,0.3779644730092273,,,,,,,,1,10,0,0,0,0,0,2,,
/home/johannes/CMPUT663/cmput663-cpp-replic/cppstats/projects/httpd-2.4.28/_cppstats/modules/loggers/mod_log_config.c.xml,1330,6,22,1.0,0.0,,,,,,,,4,0,3,0,0,2,0,1,,
/home/johannes/CMPUT663/cmput663-cpp-replic/cppstats/projects/httpd-2.4.28/_cppstats/modules/loggers/mod_log_config.h.xml,23,0,0,0,0,,,,,,,,0,0,0,0,0,0,0,0,,
/home/johannes/CMPUT663/cmput663-cpp-replic/cppstats/projects/httpd-2.4.28/_cppstats/modules/loggers/mod_log_debug.c.xml,234,0,0,0,0,,,,,,,,0,0,0,0,0,0,0,0,,
/home/johannes/CMPUT663/cmput663-cpp-replic/cppstats/projects/httpd-2.4.28/_cppstats/modules/loggers/mod_log_forensic.c.xml,203,1,1,1.0,0,,,,,,,,1,0,0,0,0,0,0,1,,
/home/johannes/CMPUT663/cmput663-cpp-replic/cppstats/projects/httpd-2.4.28/_cppstats/modules/loggers/mod_logio.c.xml,179,0,0,0,0,,,,,,,,0,0,0,0,0,0,0,0,,
/home/johannes/CMPUT663/cmput663-cpp-replic/cppstats/projects/httpd-2.4.28/_cppstats/modules/lua/lua_apr.c.xml,69,1,2,1.0,0,,,,,,,,0,2,0,0,0,0,0,1,,
/home/johannes/CMPUT663/cmput663-cpp-replic/cppstats/projects/httpd-2.4.28/_cppstats/modules/lua/lua_apr.h.xml,13,0,0,0,0,,,,,,,,0,0,0,0,0,0,0,0,,
/home/johannes/CMPUT663/cmput663-cpp-replic/cppstats/projects/httpd-2.4.28/_cppstats/modules/lua/lua_config.c.xml,219,0,0,0,0,,,,,,,,0,0,0,0,0,0,0,0,,
/home/johannes/CMPUT663/cmput663-cpp-replic/cppstats/projects/httpd-2.4.28/_cppstats/modules/lua/lua_config.h.xml,8,0,0,0,0,,,,,,,,0,0,0,0,0,0,0,0,,
/home/johannes/CMPUT663/cmput663-cpp-replic/cppstats/projects/httpd-2.4.28/_cppstats/modules/lua/lua_dbd.c.xml,593,0,0,0,0,,,,,,,,0,0,0,0,0,0,0,0,,
/home/johannes/CMPUT663/cmput663-cpp-replic/cppstats/projects/httpd-2.4.28/_cppstats/modules/lua/lua_dbd.h.xml,41,0,0,0,0,,,,,,,,0,0,0,0,0,0,0,0,,
/home/johannes/CMPUT663/cmput663-cpp-replic/cppstats/projects/httpd-2.4.28/_cppstats/modules/lua/lua_passwd.c.xml,142,9,50,1.0,0.0,,,,,,,,7,1,2,0,0,0,0,1,,
/home/johannes/CMPUT663/cmput663-cpp-replic/cppstats/projects/httpd-2.4.28/_cppstats/modules/lua/lua_passwd.h.xml,50,4,7,1.0,0.0,,,,,,,,5,0,0,0,0,0,0,1,,
/home/johannes/CMPUT663/cmput663-cpp-replic/cppstats/projects/httpd-2.4.28/_cppstats/modules/lua/lua_request.c.xml,2410,2,7,1.0,0.0,,,,,,,,1,0,1,0,0,0,0,1,,
/home/johannes/CMPUT663/cmput663-cpp-replic/cppstats/projects/httpd-2.4.28/_cppstats/modules/lua/lua_request.h.xml,30,0,0,0,0,,,,,,,,0,0,0,0,0,0,0,0,,
/home/johannes/CMPUT663/cmput663-cpp-replic/cppstats/projects/httpd-2.4.28/_cppstats/modules/lua/lua_vmprep.c.xml,393,8,95,1.0909090909090908,0.30151134457776363,,,,,,,,8,3,3,0,0,0,0,2,,
/home/johannes/CMPUT663/cmput663-cpp-replic/cppstats/projects/httpd-2.4.28/_cppstats/modules/lua/lua_vmprep.h.xml,75,2,1,1.0,0,,,,,,,,1,0,0,0,0,0,0,1,,
/home/johannes/CMPUT663/cmput663-cpp-replic/cppstats/projects/httpd-2.4.28/_cppstats/modules/lua/mod_lua.c.xml,1785,4,26,1.0,0.0,,,,,,,,4,1,4,1,0,0,0,1,,
/home/johannes/CMPUT663/cmput663-cpp-replic/cppstats/projects/httpd-2.4.28/_cppstats/modules/lua/mod_lua.h.xml,106,5,20,1.0,0.0,,,,,,,,8,0,0,0,0,0,0,1,,
/home/johannes/CMPUT663/cmput663-cpp-replic/cppstats/projects/httpd-2.4.28/_cppstats/modules/mappers/mod_actions.c.xml,147,0,0,0,0,,,,,,,,0,0,0,0,0,0,0,0,,
/home/johannes/CMPUT663/cmput663-cpp-replic/cppstats/projects/httpd-2.4.28/_cppstats/modules/mappers/mod_alias.c.xml,534,0,0,0,0,,,,,,,,0,0,0,0,0,0,0,0,,
/home/johannes/CMPUT663/cmput663-cpp-replic/cppstats/projects/httpd-2.4.28/_cppstats/modules/mappers/mod_dir.c.xml,292,0,0,0,0,,,,,,,,0,0,0,0,0,0,0,0,,
/home/johannes/CMPUT663/cmput663-cpp-replic/cppstats/projects/httpd-2.4.28/_cppstats/modules/mappers/mod_imagemap.c.xml,624,0,0,0,0,,,,,,,,0,0,0,0,0,0,0,0,,
/home/johannes/CMPUT663/cmput663-cpp-replic/cppstats/projects/httpd-2.4.28/_cppstats/modules/mappers/mod_negotiation.c.xml,1822,2,39,1.0,0.0,,,,,,,,0,3,4,0,0,0,0,1,,
/home/johannes/CMPUT663/cmput663-cpp-replic/cppstats/projects/httpd-2.4.28/_cppstats/modules/mappers/mod_rewrite.c.xml,3748,19,114,1.1,0.4025778999364486,,,,,,,,18,6,9,0,0,0,0,3,,
/home/johannes/CMPUT663/cmput663-cpp-replic/cppstats/projects/httpd-2.4.28/_cppstats/modules/mappers/mod_rewrite.h.xml,7,0,0,0,0,,,,,,,,0,0,0,0,0,0,0,0,,
/home/johannes/CMPUT663/cmput663-cpp-replic/cppstats/projects/httpd-2.4.28/_cppstats/modules/mappers/mod_speling.c.xml,298,1,11,1.0,0,,,,,,,,0,0,1,0,0,0,0,1,,
/home/johannes/CMPUT663/cmput663-cpp-replic/cppstats/projects/httpd-2.4.28/_cppstats/modules/mappers/mod_userdir.c.xml,224,8,28,1.1111111111111112,0.33333333333333337,,,,,,,,5,2,4,0,0,0,0,2,,
/home/johannes/CMPUT663/cmput663-cpp-replic/cppstats/projects/httpd-2.4.28/_cppstats/modules/mappers/mod_vhost_alias.c.xml,342,0,0,0,0,,,,,,,,0,0,0,0,0,0,0,0,,
/home/johannes/CMPUT663/cmput663-cpp-replic/cppstats/projects/httpd-2.4.28/_cppstats/modules/metadata/mod_cern_meta.c.xml,192,1,1,1.0,0,,,,,,,,1,0,0,0,0,0,0,1,,
/home/johannes/CMPUT663/cmput663-cpp-replic/cppstats/projects/httpd-2.4.28/_cppstats/modules/metadata/mod_env.c.xml,121,1,1,1.0,0,,,,,,,,1,0,0,0,0,0,0,1,,
/home/johannes/CMPUT663/cmput663-cpp-replic/cppstats/projects/httpd-2.4.28/_cppstats/modules/metadata/mod_expires.c.xml,303,0,0,0,0,,,,,,,,0,0,0,0,0,0,0,0,,
/home/johannes/CMPUT663/cmput663-cpp-replic/cppstats/projects/httpd-2.4.28/_cppstats/modules/metadata/mod_headers.c.xml,739,0,0,0,0,,,,,,,,0,0,0,0,0,0,0,0,,
/home/johannes/CMPUT663/cmput663-cpp-replic/cppstats/projects/httpd-2.4.28/_cppstats/modules/metadata/mod_ident.c.xml,210,2,2,1.0,0.0,,,,,,,,2,0,0,0,0,0,0,1,,
/home/johannes/CMPUT663/cmput663-cpp-replic/cppstats/projects/httpd-2.4.28/_cppstats/modules/metadata/mod_mime_magic.c.xml,1732,4,151,1.0,0.0,,,,,,,,2,13,17,0,0,0,0,1,,
/home/johannes/CMPUT663/cmput663-cpp-replic/cppstats/projects/httpd-2.4.28/_cppstats/modules/metadata/mod_remoteip.c.xml,348,1,2,1.0,0,,,,,,,,0,0,0,0,1,0,0,1,,
/home/johannes/CMPUT663/cmput663-cpp-replic/cppstats/projects/httpd-2.4.28/_cppstats/modules/metadata/mod_setenvif.c.xml,434,0,0,0,0,,,,,,,,0,0,0,0,0,0,0,0,,
/home/johannes/CMPUT663/cmput663-cpp-replic/cppstats/projects/httpd-2.4.28/_cppstats/modules/metadata/mod_unique_id.c.xml,179,2,10,1.0,0.0,,,,,,,,1,0,1,0,0,0,0,1,,
/home/johannes/CMPUT663/cmput663-cpp-replic/cppstats/projects/httpd-2.4.28/_cppstats/modules/metadata/mod_usertrack.c.xml,303,0,0,0,0,,,,,,,,0,0,0,0,0,0,0,0,,
/home/johannes/CMPUT663/cmput663-cpp-replic/cppstats/projects/httpd-2.4.28/_cppstats/modules/metadata/mod_version.c.xml,193,0,0,0,0,,,,,,,,0,0,0,0,0,0,0,0,,
/home/johannes/CMPUT663/cmput663-cpp-replic/cppstats/projects/httpd-2.4.28/_cppstats/modules/proxy/ajp.h.xml,137,4,12,1.0,0.0,,,,,,,,6,0,0,0,0,0,0,1,,
/home/johannes/CMPUT663/cmput663-cpp-replic/cppstats/projects/httpd-2.4.28/_cppstats/modules/proxy/ajp_header.c.xml,654,1,2,1.0,0,,,,,,,,0,0,1,0,0,0,0,1,,
/home/johannes/CMPUT663/cmput663-cpp-replic/cppstats/projects/httpd-2.4.28/_cppstats/modules/proxy/ajp_header.h.xml,72,0,0,0,0,,,,,,,,0,0,0,0,0,0,0,0,,
/home/johannes/CMPUT663/cmput663-cpp-replic/cppstats/projects/httpd-2.4.28/_cppstats/modules/proxy/ajp_link.c.xml,74,0,0,0,0,,,,,,,,0,0,0,0,0,0,0,0,,
/home/johannes/CMPUT663/cmput663-cpp-replic/cppstats/projects/httpd-2.4.28/_cppstats/modules/proxy/ajp_msg.c.xml,343,0,0,0,0,,,,,,,,0,0,0,0,0,0,0,0,,
/home/johannes/CMPUT663/cmput663-cpp-replic/cppstats/projects/httpd-2.4.28/_cppstats/modules/proxy/ajp_utils.c.xml,91,0,0,0,0,,,,,,,,0,0,0,0,0,0,0,0,,
/home/johannes/CMPUT663/cmput663-cpp-replic/cppstats/projects/httpd-2.4.28/_cppstats/modules/proxy/balancers/mod_lbmethod_bybusyness.c.xml,106,0,0,0,0,,,,,,,,0,0,0,0,0,0,0,0,,
/home/johannes/CMPUT663/cmput663-cpp-replic/cppstats/projects/httpd-2.4.28/_cppstats/modules/proxy/balancers/mod_lbmethod_byrequests.c.xml,102,0,0,0,0,,,,,,,,0,0,0,0,0,0,0,0,,
/home/johannes/CMPUT663/cmput663-cpp-replic/cppstats/projects/httpd-2.4.28/_cppstats/modules/proxy/balancers/mod_lbmethod_bytraffic.c.xml,107,0,0,0,0,,,,,,,,0,0,0,0,0,0,0,0,,
/home/johannes/CMPUT663/cmput663-cpp-replic/cppstats/projects/httpd-2.4.28/_cppstats/modules/proxy/balancers/mod_lbmethod_heartbeat.c.xml,344,1,1,1.0,0,,,,,,,,1,0,0,0,0,0,0,1,,
/home/johannes/CMPUT663/cmput663-cpp-replic/cppstats/projects/httpd-2.4.28/_cppstats/modules/proxy/mod_proxy.c.xml,2311,3,20,1.0,0.0,,,,,,,,3,1,4,0,0,0,0,1,,
/home/johannes/CMPUT663/cmput663-cpp-replic/cppstats/projects/httpd-2.4.28/_cppstats/modules/proxy/mod_proxy.h.xml,604,6,26,1.0,0.0,,,,,,,,12,0,0,0,0,0,0,1,,
/home/johannes/CMPUT663/cmput663-cpp-replic/cppstats/projects/httpd-2.4.28/_cppstats/modules/proxy/mod_proxy_ajp.c.xml,567,0,0,0,0,,,,,,,,0,0,0,0,0,0,0,0,,
/home/johannes/CMPUT663/cmput663-cpp-replic/cppstats/projects/httpd-2.4.28/_cppstats/modules/proxy/mod_proxy_balancer.c.xml,1490,0,2,1.0,0,,,,,,,,1,0,0,0,0,0,0,1,,
/home/johannes/CMPUT663/cmput663-cpp-replic/cppstats/projects/httpd-2.4.28/_cppstats/modules/proxy/mod_proxy_connect.c.xml,319,1,10,1.0,0.0,,,,,,,,0,0,4,0,0,0,0,1,,
/home/johannes/CMPUT663/cmput663-cpp-replic/cppstats/projects/httpd-2.4.28/_cppstats/modules/proxy/mod_proxy_express.c.xml,157,0,0,0,0,,,,,,,,0,0,0,0,0,0,0,0,,
/home/johannes/CMPUT663/cmput663-cpp-replic/cppstats/projects/httpd-2.4.28/_cppstats/modules/proxy/mod_proxy_fcgi.c.xml,863,0,0,0,0,,,,,,,,0,0,0,0,0,0,0,0,,
/home/johannes/CMPUT663/cmput663-cpp-replic/cppstats/projects/httpd-2.4.28/_cppstats/modules/proxy/mod_proxy_fdpass.c.xml,172,1,1,1.0,0,,,,,,,,1,0,0,0,0,0,0,1,,
/home/johannes/CMPUT663/cmput663-cpp-replic/cppstats/projects/httpd-2.4.28/_cppstats/modules/proxy/mod_proxy_fdpass.h.xml,8,0,0,0,0,,,,,,,,0,0,0,0,0,0,0,0,,
/home/johannes/CMPUT663/cmput663-cpp-replic/cppstats/projects/httpd-2.4.28/_cppstats/modules/proxy/mod_proxy_ftp.c.xml,1406,9,61,1.0909090909090908,0.30151134457776363,,,,,,,,2,3,9,0,0,0,0,2,,
/home/johannes/CMPUT663/cmput663-cpp-replic/cppstats/projects/httpd-2.4.28/_cppstats/modules/proxy/mod_proxy_hcheck.c.xml,1048,2,46,1.125,0.3535533905932738,,,,,,,,5,1,3,0,0,0,0,2,,
/home/johannes/CMPUT663/cmput663-cpp-replic/cppstats/projects/httpd-2.4.28/_cppstats/modules/proxy/mod_proxy_http.c.xml,1318,2,5,1.0,0.0,,,,,,,,1,0,1,0,0,0,0,1,,
/home/johannes/CMPUT663/cmput663-cpp-replic/cppstats/projects/httpd-2.4.28/_cppstats/modules/proxy/mod_proxy_scgi.c.xml,494,0,0,0,0,,,,,,,,0,0,0,0,0,0,0,0,,
/home/johannes/CMPUT663/cmput663-cpp-replic/cppstats/projects/httpd-2.4.28/_cppstats/modules/proxy/mod_proxy_wstunnel.c.xml,299,0,4,1.0,0,,,,,,,,0,1,0,0,0,0,0,1,,
/home/johannes/CMPUT663/cmput663-cpp-replic/cppstats/projects/httpd-2.4.28/_cppstats/modules/proxy/proxy_util.c.xml,2870,8,220,1.05,0.223606797749979,,,,,,,,7,9,9,0,0,0,0,2,,
/home/johannes/CMPUT663/cmput663-cpp-replic/cppstats/projects/httpd-2.4.28/_cppstats/modules/proxy/proxy_util.h.xml,9,0,0,0,0,,,,,,,,0,0,0,0,0,0,0,0,,
/home/johannes/CMPUT663/cmput663-cpp-replic/cppstats/projects/httpd-2.4.28/_cppstats/modules/proxy/scgi.h.xml,2,0,0,0,0,,,,,,,,0,0,0,0,0,0,0,0,,
/home/johannes/CMPUT663/cmput663-cpp-replic/cppstats/projects/httpd-2.4.28/_cppstats/modules/session/mod_session.c.xml,434,0,0,0,0,,,,,,,,0,0,0,0,0,0,0,0,,
/home/johannes/CMPUT663/cmput663-cpp-replic/cppstats/projects/httpd-2.4.28/_cppstats/modules/session/mod_session.h.xml,73,3,12,1.0,0,,,,,,,,4,0,0,0,0,0,0,1,,
/home/johannes/CMPUT663/cmput663-cpp-replic/cppstats/projects/httpd-2.4.28/_cppstats/modules/session/mod_session_cookie.c.xml,184,0,0,0,0,,,,,,,,0,0,0,0,0,0,0,0,,
/home/johannes/CMPUT663/cmput663-cpp-replic/cppstats/projects/httpd-2.4.28/_cppstats/modules/session/mod_session_crypto.c.xml,576,4,558,1.6666666666666667,0.5773502691896257,,,,,,,,5,1,0,0,0,0,0,2,,
/home/johannes/CMPUT663/cmput663-cpp-replic/cppstats/projects/httpd-2.4.28/_cppstats/modules/session/mod_session_dbd.c.xml,441,0,0,0,0,,,,,,,,0,0,0,0,0,0,0,0,,
/home/johannes/CMPUT663/cmput663-cpp-replic/cppstats/projects/httpd-2.4.28/_cppstats/modules/slotmem/mod_slotmem_plain.c.xml,263,0,0,0,0,,,,,,,,0,0,0,0,0,0,0,0,,
/home/johannes/CMPUT663/cmput663-cpp-replic/cppstats/projects/httpd-2.4.28/_cppstats/modules/slotmem/mod_slotmem_shm.c.xml,645,3,17,1.25,0.5,,,,,,,,3,0,3,0,0,0,0,2,,
/home/johannes/CMPUT663/cmput663-cpp-replic/cppstats/projects/httpd-2.4.28/_cppstats/modules/ssl/mod_ssl.c.xml,503,14,55,1.1111111111111112,0.3233808333817773,,,,,,,,0,22,0,0,0,0,0,2,,
/home/johannes/CMPUT663/cmput663-cpp-replic/cppstats/projects/httpd-2.4.28/_cppstats/modules/ssl/mod_ssl.h.xml,30,3,12,1.0,0,,,,,,,,4,0,0,0,0,0,0,1,,
/home/johannes/CMPUT663/cmput663-cpp-replic/cppstats/projects/httpd-2.4.28/_cppstats/modules/ssl/mod_ssl_openssl.h.xml,15,2,3,1.5,0.7071067811865476,,,,,,,,2,0,0,0,0,0,0,2,,
/home/johannes/CMPUT663/cmput663-cpp-replic/cppstats/projects/httpd-2.4.28/_cppstats/modules/ssl/ssl_engine_config.c.xml,1566,17,310,1.0285714285714285,0.16903085094570333,,,,,,,,6,31,5,0,0,0,0,2,,
/home/johannes/CMPUT663/cmput663-cpp-replic/cppstats/projects/httpd-2.4.28/_cppstats/modules/ssl/ssl_engine_init.c.xml,1428,27,393,1.2321428571428572,0.4667516929344156,,,,,,,,5,38,18,0,0,2,0,3,,
/home/johannes/CMPUT663/cmput663-cpp-replic/cppstats/projects/httpd-2.4.28/_cppstats/modules/ssl/ssl_engine_io.c.xml,1419,6,116,1.25,0.45226701686664544,,,,,,,,2,7,7,0,1,0,0,2,,
/home/johannes/CMPUT663/cmput663-cpp-replic/cppstats/projects/httpd-2.4.28/_cppstats/modules/ssl/ssl_engine_kernel.c.xml,1488,11,362,1.125,0.3378319623460881,,,,,,,,8,16,4,0,2,0,0,2,,
/home/johannes/CMPUT663/cmput663-cpp-replic/cppstats/projects/httpd-2.4.28/_cppstats/modules/ssl/ssl_engine_log.c.xml,152,0,0,0,0,,,,,,,,0,0,0,0,0,0,0,0,,
/home/johannes/CMPUT663/cmput663-cpp-replic/cppstats/projects/httpd-2.4.28/_cppstats/modules/ssl/ssl_engine_mutex.c.xml,65,0,0,0,0,,,,,,,,0,0,0,0,0,0,0,0,,
/home/johannes/CMPUT663/cmput663-cpp-replic/cppstats/projects/httpd-2.4.28/_cppstats/modules/ssl/ssl_engine_ocsp.c.xml,215,1,211,1.0,0,,,,,,,,1,0,0,0,0,0,0,1,,
/home/johannes/CMPUT663/cmput663-cpp-replic/cppstats/projects/httpd-2.4.28/_cppstats/modules/ssl/ssl_engine_pphrase.c.xml,389,2,22,1.0,0.0,,,,,,,,2,1,5,0,0,0,0,1,,
/home/johannes/CMPUT663/cmput663-cpp-replic/cppstats/projects/httpd-2.4.28/_cppstats/modules/ssl/ssl_engine_rand.c.xml,106,1,5,1.0,0,,,,,,,,0,0,1,0,0,0,0,1,,
/home/johannes/CMPUT663/cmput663-cpp-replic/cppstats/projects/httpd-2.4.28/_cppstats/modules/ssl/ssl_engine_vars.c.xml,973,8,44,1.1111111111111112,0.33333333333333337,,,,,,,,0,2,11,0,0,0,0,2,,
/home/johannes/CMPUT663/cmput663-cpp-replic/cppstats/projects/httpd-2.4.28/_cppstats/modules/ssl/ssl_private.h.xml,697,52,148,1.3333333333333333,0.7982824700322476,,,,,,,,69,9,0,0,0,0,0,4,,
/home/johannes/CMPUT663/cmput663-cpp-replic/cppstats/projects/httpd-2.4.28/_cppstats/modules/ssl/ssl_scache.c.xml,148,1,16,1.0,0.0,,,,,,,,0,2,0,0,0,0,0,1,,
/home/johannes/CMPUT663/cmput663-cpp-replic/cppstats/projects/httpd-2.4.28/_cppstats/modules/ssl/ssl_util.c.xml,311,4,137,2.2,0.8366600265340756,,,,,,,,3,6,0,0,0,0,0,3,,
/home/johannes/CMPUT663/cmput663-cpp-replic/cppstats/projects/httpd-2.4.28/_cppstats/modules/ssl/ssl_util_ocsp.c.xml,300,1,296,1.0,0,,,,,,,,1,0,0,0,0,0,0,1,,
/home/johannes/CMPUT663/cmput663-cpp-replic/cppstats/projects/httpd-2.4.28/_cppstats/modules/ssl/ssl_util_ssl.c.xml,305,1,10,1.0,0,,,,,,,,1,0,0,0,0,0,0,1,,
/home/johannes/CMPUT663/cmput663-cpp-replic/cppstats/projects/httpd-2.4.28/_cppstats/modules/ssl/ssl_util_ssl.h.xml,22,1,2,1.0,0,,,,,,,,2,0,0,0,0,0,0,1,,
/home/johannes/CMPUT663/cmput663-cpp-replic/cppstats/projects/httpd-2.4.28/_cppstats/modules/ssl/ssl_util_stapling.c.xml,665,3,653,1.6666666666666667,0.5773502691896257,,,,,,,,1,2,2,0,0,0,0,2,,
/home/johannes/CMPUT663/cmput663-cpp-replic/cppstats/projects/httpd-2.4.28/_cppstats/modules/test/mod_dialup.c.xml,221,4,6,1.0,0.0,,,,,,,,2,1,0,1,0,0,0,1,,
/home/johannes/CMPUT663/cmput663-cpp-replic/cppstats/projects/httpd-2.4.28/_cppstats/modules/test/mod_optional_fn_export.c.xml,24,0,0,0,0,,,,,,,,0,0,0,0,0,0,0,0,,
/home/johannes/CMPUT663/cmput663-cpp-replic/cppstats/projects/httpd-2.4.28/_cppstats/modules/test/mod_optional_fn_export.h.xml,3,0,0,0,0,,,,,,,,0,0,0,0,0,0,0,0,,
/home/johannes/CMPUT663/cmput663-cpp-replic/cppstats/projects/httpd-2.4.28/_cppstats/modules/test/mod_optional_fn_import.c.xml,30,0,0,0,0,,,,,,,,0,0,0,0,0,0,0,0,,
/home/johannes/CMPUT663/cmput663-cpp-replic/cppstats/projects/httpd-2.4.28/_cppstats/modules/test/mod_optional_hook_export.c.xml,24,0,0,0,0,,,,,,,,0,0,0,0,0,0,0,0,,
/home/johannes/CMPUT663/cmput663-cpp-replic/cppstats/projects/httpd-2.4.28/_cppstats/modules/test/mod_optional_hook_export.h.xml,3,0,0,0,0,,,,,,,,0,0,0,0,0,0,0,0,,
/home/johannes/CMPUT663/cmput663-cpp-replic/cppstats/projects/httpd-2.4.28/_cppstats/modules/test/mod_optional_hook_import.c.xml,25,0,0,0,0,,,,,,,,0,0,0,0,0,0,0,0,,
/home/johannes/CMPUT663/cmput663-cpp-replic/cppstats/projects/httpd-2.4.28/_cppstats/os/bs2000/ebcdic.c.xml,128,1,124,1.0,0,,,,,,,,1,0,0,0,0,0,0,1,,
/home/johannes/CMPUT663/cmput663-cpp-replic/cppstats/projects/httpd-2.4.28/_cppstats/os/bs2000/ebcdic.h.xml,7,0,0,0,0,,,,,,,,0,0,0,0,0,0,0,0,,
/home/johannes/CMPUT663/cmput663-cpp-replic/cppstats/projects/httpd-2.4.28/_cppstats/os/bs2000/os.c.xml,73,1,69,1.0,0,,,,,,,,2,0,0,0,0,0,0,1,,
/home/johannes/CMPUT663/cmput663-cpp-replic/cppstats/projects/httpd-2.4.28/_cppstats/os/bs2000/os.h.xml,4,0,0,0,0,,,,,,,,0,0,0,0,0,0,0,0,,
/home/johannes/CMPUT663/cmput663-cpp-replic/cppstats/projects/httpd-2.4.28/_cppstats/os/netware/modules.c.xml,91,1,4,1.0,0.0,,,,,,,,1,3,0,0,0,0,0,1,,
/home/johannes/CMPUT663/cmput663-cpp-replic/cppstats/projects/httpd-2.4.28/_cppstats/os/netware/netware_config_layout.h.xml,4,1,1,1.0,0,,,,,,,,1,0,0,0,0,0,0,1,,
/home/johannes/CMPUT663/cmput663-cpp-replic/cppstats/projects/httpd-2.4.28/_cppstats/os/netware/os.h.xml,11,1,1,1.0,0,,,,,,,,1,0,0,0,0,0,0,1,,
/home/johannes/CMPUT663/cmput663-cpp-replic/cppstats/projects/httpd-2.4.28/_cppstats/os/netware/pre_nw.h.xml,21,2,3,1.25,0.5,,,,,,,,4,0,0,0,0,0,0,2,,
/home/johannes/CMPUT663/cmput663-cpp-replic/cppstats/projects/httpd-2.4.28/_cppstats/os/netware/util_nw.c.xml,76,0,0,0,0,,,,,,,,0,0,0,0,0,0,0,0,,
/home/johannes/CMPUT663/cmput663-cpp-replic/cppstats/projects/httpd-2.4.28/_cppstats/os/os2/os.h.xml,6,0,0,0,0,,,,,,,,0,0,0,0,0,0,0,0,,
/home/johannes/CMPUT663/cmput663-cpp-replic/cppstats/projects/httpd-2.4.28/_cppstats/os/os2/util_os2.c.xml,21,0,0,0,0,,,,,,,,0,0,0,0,0,0,0,0,,
/home/johannes/CMPUT663/cmput663-cpp-replic/cppstats/projects/httpd-2.4.28/_cppstats/os/unix/os.h.xml,11,2,2,1.0,0.0,,,,,,,,2,0,0,0,0,0,0,1,,
/home/johannes/CMPUT663/cmput663-cpp-replic/cppstats/projects/httpd-2.4.28/_cppstats/os/unix/unixd.c.xml,491,38,222,1.3333333333333333,0.47756693294091934,,,,,,,,8,18,16,0,0,0,0,2,,
/home/johannes/CMPUT663/cmput663-cpp-replic/cppstats/projects/httpd-2.4.28/_cppstats/os/unix/unixd.h.xml,79,13,15,1.0,0.0,,,,,,,,5,6,0,0,0,0,0,1,,
/home/johannes/CMPUT663/cmput663-cpp-replic/cppstats/projects/httpd-2.4.28/_cppstats/os/win32/ap_regkey.c.xml,522,3,492,1.9473684210526316,0.22941573387056172,,,,,,,,1,18,0,0,0,0,0,2,,
/home/johannes/CMPUT663/cmput663-cpp-replic/cppstats/projects/httpd-2.4.28/_cppstats/os/win32/modules.c.xml,31,0,0,0,0,,,,,,,,0,0,0,0,0,0,0,0,,
/home/johannes/CMPUT663/cmput663-cpp-replic/cppstats/projects/httpd-2.4.28/_cppstats/os/win32/os.h.xml,59,5,46,2.5,0.8366600265340756,,,,,,,,5,2,0,0,0,0,0,3,,
/home/johannes/CMPUT663/cmput663-cpp-replic/cppstats/projects/httpd-2.4.28/_cppstats/os/win32/util_win32.c.xml,102,2,26,1.0,0.0,,,,,,,,0,2,0,0,0,0,0,1,,
/home/johannes/CMPUT663/cmput663-cpp-replic/cppstats/projects/httpd-2.4.28/_cppstats/os/win32/win32_config_layout.h.xml,4,1,1,1.0,0,,,,,,,,1,0,0,0,0,0,0,1,,
/home/johannes/CMPUT663/cmput663-cpp-replic/cppstats/projects/httpd-2.4.28/_cppstats/server/buildmark.c.xml,11,2,2,1.0,0,,,,,,,,2,0,0,0,0,0,0,1,,
/home/johannes/CMPUT663/cmput663-cpp-replic/cppstats/projects/httpd-2.4.28/_cppstats/server/config.c.xml,1860,4,21,1.0,0.0,,,,,,,,2,3,1,0,0,0,0,1,,
/home/johannes/CMPUT663/cmput663-cpp-replic/cppstats/projects/httpd-2.4.28/_cppstats/server/connection.c.xml,123,2,4,1.0,0.0,,,,,,,,1,1,0,0,0,0,0,1,,
/home/johannes/CMPUT663/cmput663-cpp-replic/cppstats/projects/httpd-2.4.28/_cppstats/server/core.c.xml,4084,21,108,1.2258064516129032,0.6688137468361344,,,,,,,,15,19,4,1,0,0,0,4,,
/home/johannes/CMPUT663/cmput663-cpp-replic/cppstats/projects/httpd-2.4.28/_cppstats/server/core_filters.c.xml,598,2,87,1.2,0.4472135954999579,,,,,,,,6,0,1,0,0,0,0,2,,
/home/johannes/CMPUT663/cmput663-cpp-replic/cppstats/projects/httpd-2.4.28/_cppstats/server/eoc_bucket.c.xml,33,0,0,0,0,,,,,,,,0,0,0,0,0,0,0,0,,
/home/johannes/CMPUT663/cmput663-cpp-replic/cppstats/projects/httpd-2.4.28/_cppstats/server/eor_bucket.c.xml,60,0,0,0,0,,,,,,,,0,0,0,0,0,0,0,0,,
/home/johannes/CMPUT663/cmput663-cpp-replic/cppstats/projects/httpd-2.4.28/_cppstats/server/error_bucket.c.xml,52,1,1,1.0,0,,,,,,,,1,0,0,0,0,0,0,1,,
/home/johannes/CMPUT663/cmput663-cpp-replic/cppstats/projects/httpd-2.4.28/_cppstats/server/gen_test_char.c.xml,99,6,18,1.0,0.0,,,,,,,,5,0,2,0,0,0,0,1,,
/home/johannes/CMPUT663/cmput663-cpp-replic/cppstats/projects/httpd-2.4.28/_cppstats/server/listen.c.xml,669,10,151,1.0588235294117647,0.24253562503633308,,,,,,,,1,10,8,0,0,0,0,2,,
/home/johannes/CMPUT663/cmput663-cpp-replic/cppstats/projects/httpd-2.4.28/_cppstats/server/log.c.xml,1502,31,310,1.4545454545454546,0.5036862005093149,,,,,,,,7,35,9,0,0,0,0,2,,
/home/johannes/CMPUT663/cmput663-cpp-replic/cppstats/projects/httpd-2.4.28/_cppstats/server/main.c.xml,612,37,79,1.0512820512820513,0.22345586503095893,,,,,,,,2,40,0,0,0,0,0,2,,
/home/johannes/CMPUT663/cmput663-cpp-replic/cppstats/projects/httpd-2.4.28/_cppstats/server/mpm/event/event.c.xml,2613,20,43,1.0,0.0,,,,,,,,13,8,4,0,0,0,0,1,,
/home/johannes/CMPUT663/cmput663-cpp-replic/cppstats/projects/httpd-2.4.28/_cppstats/server/mpm/event/fdqueue.c.xml,361,1,2,1.0,0,,,,,,,,0,0,1,0,0,0,0,1,,
/home/johannes/CMPUT663/cmput663-cpp-replic/cppstats/projects/httpd-2.4.28/_cppstats/server/mpm/event/fdqueue.h.xml,68,2,2,1.0,0.0,,,,,,,,2,0,0,0,0,0,0,1,,
/home/johannes/CMPUT663/cmput663-cpp-replic/cppstats/projects/httpd-2.4.28/_cppstats/server/mpm/event/mpm_default.h.xml,13,4,4,1.0,0.0,,,,,,,,4,0,0,0,0,0,0,1,,
/home/johannes/CMPUT663/cmput663-cpp-replic/cppstats/projects/httpd-2.4.28/_cppstats/server/mpm/mpmt_os2/mpm_default.h.xml,13,4,4,1.0,0.0,,,,,,,,4,0,0,0,0,0,0,1,,
/home/johannes/CMPUT663/cmput663-cpp-replic/cppstats/projects/httpd-2.4.28/_cppstats/server/mpm/mpmt_os2/mpmt_os2.c.xml,408,1,1,1.0,0,,,,,,,,1,0,0,0,0,0,0,1,,
/home/johannes/CMPUT663/cmput663-cpp-replic/cppstats/projects/httpd-2.4.28/_cppstats/server/mpm/mpmt_os2/mpmt_os2_child.c.xml,342,1,1,1.0,0,,,,,,,,1,0,0,0,0,0,0,1,,
/home/johannes/CMPUT663/cmput663-cpp-replic/cppstats/projects/httpd-2.4.28/_cppstats/server/mpm/netware/mpm_default.h.xml,22,7,7,1.0,0.0,,,,,,,,7,0,0,0,0,0,0,1,,
/home/johannes/CMPUT663/cmput663-cpp-replic/cppstats/projects/httpd-2.4.28/_cppstats/server/mpm/netware/mpm_netware.c.xml,981,8,39,1.0,0.0,,,,,,,,9,3,4,0,0,0,0,1,,
/home/johannes/CMPUT663/cmput663-cpp-replic/cppstats/projects/httpd-2.4.28/_cppstats/server/mpm/prefork/mpm_default.h.xml,10,3,3,1.0,0.0,,,,,,,,3,0,0,0,0,0,0,1,,
/home/johannes/CMPUT663/cmput663-cpp-replic/cppstats/projects/httpd-2.4.28/_cppstats/server/mpm/prefork/prefork.c.xml,1025,14,55,1.0,0.0,,,,,,,,11,5,3,0,0,0,0,1,,
/home/johannes/CMPUT663/cmput663-cpp-replic/cppstats/projects/httpd-2.4.28/_cppstats/server/mpm/winnt/child.c.xml,883,8,856,2.0833333333333335,0.5149286505444374,,,,,,,,7,5,4,0,0,0,0,3,,
/home/johannes/CMPUT663/cmput663-cpp-replic/cppstats/projects/httpd-2.4.28/_cppstats/server/mpm/winnt/mpm_default.h.xml,11,3,3,1.0,0.0,,,,,,,,3,0,0,0,0,0,0,1,,
/home/johannes/CMPUT663/cmput663-cpp-replic/cppstats/projects/httpd-2.4.28/_cppstats/server/mpm/winnt/mpm_winnt.c.xml,1196,4,1188,1.75,0.5,,,,,,,,4,0,0,0,0,0,0,2,,
/home/johannes/CMPUT663/cmput663-cpp-replic/cppstats/projects/httpd-2.4.28/_cppstats/server/mpm/winnt/mpm_winnt.h.xml,43,1,1,1.0,0,,,,,,,,1,0,0,0,0,0,0,1,,
/home/johannes/CMPUT663/cmput663-cpp-replic/cppstats/projects/httpd-2.4.28/_cppstats/server/mpm/winnt/nt_eventlog.c.xml,117,0,0,0,0,,,,,,,,0,0,0,0,0,0,0,0,,
/home/johannes/CMPUT663/cmput663-cpp-replic/cppstats/projects/httpd-2.4.28/_cppstats/server/mpm/winnt/service.c.xml,931,3,301,1.0,0.0,,,,,,,,5,16,12,0,0,0,0,1,,
/home/johannes/CMPUT663/cmput663-cpp-replic/cppstats/projects/httpd-2.4.28/_cppstats/server/mpm/worker/fdqueue.c.xml,264,1,2,1.0,0,,,,,,,,0,1,0,0,0,0,0,1,,
/home/johannes/CMPUT663/cmput663-cpp-replic/cppstats/projects/httpd-2.4.28/_cppstats/server/mpm/worker/fdqueue.h.xml,42,2,2,1.0,0.0,,,,,,,,2,0,0,0,0,0,0,1,,
/home/johannes/CMPUT663/cmput663-cpp-replic/cppstats/projects/httpd-2.4.28/_cppstats/server/mpm/worker/mpm_default.h.xml,13,4,4,1.0,0.0,,,,,,,,4,0,0,0,0,0,0,1,,
/home/johannes/CMPUT663/cmput663-cpp-replic/cppstats/projects/httpd-2.4.28/_cppstats/server/mpm/worker/worker.c.xml,1668,16,33,1.0,0.0,,,,,,,,12,6,3,0,2,0,0,1,,
/home/johannes/CMPUT663/cmput663-cpp-replic/cppstats/projects/httpd-2.4.28/_cppstats/server/mpm_common.c.xml,431,14,76,1.0909090909090908,0.30151134457776363,,,,,,,,11,2,0,0,0,0,0,2,,
/home/johannes/CMPUT663/cmput663-cpp-replic/cppstats/projects/httpd-2.4.28/_cppstats/server/mpm_unix.c.xml,790,15,751,2.5,0.6069769786668839,,,,,,,,5,17,1,0,0,0,0,3,,
/home/johannes/CMPUT663/cmput663-cpp-replic/cppstats/projects/httpd-2.4.28/_cppstats/server/protocol.c.xml,1601,6,47,1.0,0.0,,,,,,,,6,0,1,0,0,0,0,1,,
/home/johannes/CMPUT663/cmput663-cpp-replic/cppstats/projects/httpd-2.4.28/_cppstats/server/provider.c.xml,138,0,0,0,0,,,,,,,,0,0,0,0,0,0,0,0,,
/home/johannes/CMPUT663/cmput663-cpp-replic/cppstats/projects/httpd-2.4.28/_cppstats/server/request.c.xml,1597,2,33,1.0,0.0,,,,,,,,1,0,3,0,1,0,0,1,,
/home/johannes/CMPUT663/cmput663-cpp-replic/cppstats/projects/httpd-2.4.28/_cppstats/server/scoreboard.c.xml,505,4,76,1.1,0.31622776601683794,,,,,,,,3,7,0,0,0,0,0,2,,
/home/johannes/CMPUT663/cmput663-cpp-replic/cppstats/projects/httpd-2.4.28/_cppstats/server/util.c.xml,2486,19,144,1.0,0.0,,,,,,,,12,13,1,0,2,0,0,1,,
/home/johannes/CMPUT663/cmput663-cpp-replic/cppstats/projects/httpd-2.4.28/_cppstats/server/util_cfgtree.c.xml,24,0,0,0,0,,,,,,,,0,0,0,0,0,0,0,0,,
/home/johannes/CMPUT663/cmput663-cpp-replic/cppstats/projects/httpd-2.4.28/_cppstats/server/util_charset.c.xml,9,1,5,1.0,0,,,,,,,,1,0,0,0,0,0,0,1,,
/home/johannes/CMPUT663/cmput663-cpp-replic/cppstats/projects/httpd-2.4.28/_cppstats/server/util_cookies.c.xml,167,0,0,0,0,,,,,,,,0,0,0,0,0,0,0,0,,
/home/johannes/CMPUT663/cmput663-cpp-replic/cppstats/projects/httpd-2.4.28/_cppstats/server/util_debug.c.xml,160,17,35,1.0,0.0,,,,,,,,17,0,0,0,0,0,0,1,,
/home/johannes/CMPUT663/cmput663-cpp-replic/cppstats/projects/httpd-2.4.28/_cppstats/server/util_ebcdic.c.xml,84,1,80,1.0,0,,,,,,,,1,0,0,0,0,0,0,1,,
/home/johannes/CMPUT663/cmput663-cpp-replic/cppstats/projects/httpd-2.4.28/_cppstats/server/util_expr_eval.c.xml,1591,3,160,1.0,0.0,,,,,,,,2,2,2,0,0,0,0,1,,
/home/johannes/CMPUT663/cmput663-cpp-replic/cppstats/projects/httpd-2.4.28/_cppstats/server/util_expr_parse.c.xml,1302,54,499,1.894736842105263,1.1263977671429224,,,,,,,,103,6,6,0,0,0,0,6,,
/home/johannes/CMPUT663/cmput663-cpp-replic/cppstats/projects/httpd-2.4.28/_cppstats/server/util_expr_parse.h.xml,52,2,11,1.0,0,,,,,,,,1,0,0,0,0,0,0,1,,
/home/johannes/CMPUT663/cmput663-cpp-replic/cppstats/projects/httpd-2.4.28/_cppstats/server/util_expr_private.h.xml,77,5,6,1.0,0.0,,,,,,,,5,0,0,0,0,0,0,1,,
/home/johannes/CMPUT663/cmput663-cpp-replic/cppstats/projects/httpd-2.4.28/_cppstats/server/util_expr_scan.c.xml,1718,40,138,1.5833333333333333,0.8208281581721154,,,,,,,,53,4,1,0,0,0,0,3,,
/home/johannes/CMPUT663/cmput663-cpp-replic/cppstats/projects/httpd-2.4.28/_cppstats/server/util_fcgi.c.xml,227,0,0,0,0,,,,,,,,0,0,0,0,0,0,0,0,,
/home/johannes/CMPUT663/cmput663-cpp-replic/cppstats/projects/httpd-2.4.28/_cppstats/server/util_filter.c.xml,562,0,0,0,0,,,,,,,,0,0,0,0,0,0,0,0,,
/home/johannes/CMPUT663/cmput663-cpp-replic/cppstats/projects/httpd-2.4.28/_cppstats/server/util_md5.c.xml,62,1,1,1.0,0,,,,,,,,0,1,0,0,0,0,0,1,,
/home/johannes/CMPUT663/cmput663-cpp-replic/cppstats/projects/httpd-2.4.28/_cppstats/server/util_mutex.c.xml,431,9,55,1.0,0.0,,,,,,,,3,3,10,0,1,0,0,1,,
/home/johannes/CMPUT663/cmput663-cpp-replic/cppstats/projects/httpd-2.4.28/_cppstats/server/util_pcre.c.xml,180,4,7,1.0,0.0,,,,,,,,1,0,3,0,0,0,0,1,,
/home/johannes/CMPUT663/cmput663-cpp-replic/cppstats/projects/httpd-2.4.28/_cppstats/server/util_regex.c.xml,156,1,4,1.0,0,,,,,,,,1,0,0,0,0,0,0,1,,
/home/johannes/CMPUT663/cmput663-cpp-replic/cppstats/projects/httpd-2.4.28/_cppstats/server/util_script.c.xml,678,10,50,1.0,0.0,,,,,,,,2,7,6,0,0,0,0,1,,
/home/johannes/CMPUT663/cmput663-cpp-replic/cppstats/projects/httpd-2.4.28/_cppstats/server/util_time.c.xml,189,0,0,0,0,,,,,,,,0,0,0,0,0,0,0,0,,
/home/johannes/CMPUT663/cmput663-cpp-replic/cppstats/projects/httpd-2.4.28/_cppstats/server/util_xml.c.xml,89,1,1,1.0,0,,,,,,,,0,1,0,0,0,0,0,1,,
/home/johannes/CMPUT663/cmput663-cpp-replic/cppstats/projects/httpd-2.4.28/_cppstats/server/vhost.c.xml,821,4,47,1.0,0.0,,,,,,,,5,1,0,0,0,0,0,1,,
/home/johannes/CMPUT663/cmput663-cpp-replic/cppstats/projects/httpd-2.4.28/_cppstats/support/ab.c.xml,2001,26,443,1.5507246376811594,0.7771787568631506,,,,,,,,25,31,20,2,1,0,2,4,,
/home/johannes/CMPUT663/cmput663-cpp-replic/cppstats/projects/httpd-2.4.28/_cppstats/support/checkgid.c.xml,52,5,5,1.0,0.0,,,,,,,,5,0,0,0,0,0,0,1,,
/home/johannes/CMPUT663/cmput663-cpp-replic/cppstats/projects/httpd-2.4.28/_cppstats/support/fcgistarter.c.xml,146,5,34,1.0,0.0,,,,,,,,2,2,0,0,0,0,0,1,,
/home/johannes/CMPUT663/cmput663-cpp-replic/cppstats/projects/httpd-2.4.28/_cppstats/support/htcacheclean.c.xml,1458,3,21,1.0,0.0,,,,,,,,3,2,0,0,0,0,0,1,,
/home/johannes/CMPUT663/cmput663-cpp-replic/cppstats/projects/httpd-2.4.28/_cppstats/support/htdbm.c.xml,397,7,24,1.0,0.0,,,,,,,,6,4,0,0,0,0,0,1,,
/home/johannes/CMPUT663/cmput663-cpp-replic/cppstats/projects/httpd-2.4.28/_cppstats/support/htdigest.c.xml,230,5,16,1.0,0.0,,,,,,,,6,3,0,0,0,0,0,1,,
/home/johannes/CMPUT663/cmput663-cpp-replic/cppstats/projects/httpd-2.4.28/_cppstats/support/htpasswd.c.xml,373,7,24,1.0,0.0,,,,,,,,5,3,0,0,0,0,0,1,,
/home/johannes/CMPUT663/cmput663-cpp-replic/cppstats/projects/httpd-2.4.28/_cppstats/support/httxt2dbm.c.xml,257,6,10,1.0,0.0,,,,,,,,2,8,0,0,0,0,0,1,,
/home/johannes/CMPUT663/cmput663-cpp-replic/cppstats/projects/httpd-2.4.28/_cppstats/support/logresolve.c.xml,200,1,1,1.0,0,,,,,,,,1,0,0,0,0,0,0,1,,
/home/johannes/CMPUT663/cmput663-cpp-replic/cppstats/projects/httpd-2.4.28/_cppstats/support/passwd_common.c.xml,295,11,62,1.0,0.0,,,,,,,,8,1,7,0,0,0,0,1,,
/home/johannes/CMPUT663/cmput663-cpp-replic/cppstats/projects/httpd-2.4.28/_cppstats/support/passwd_common.h.xml,62,4,7,1.0,0.0,,,,,,,,5,0,0,0,0,0,0,1,,
/home/johannes/CMPUT663/cmput663-cpp-replic/cppstats/projects/httpd-2.4.28/_cppstats/support/rotatelogs.c.xml,563,4,63,1.0,0.0,,,,,,,,2,7,5,1,0,2,0,1,,
/home/johannes/CMPUT663/cmput663-cpp-replic/cppstats/projects/httpd-2.4.28/_cppstats/support/suexec.c.xml,430,18,91,1.0434782608695652,0.2085144140570748,,,,,,,,7,17,4,0,2,0,0,2,,
/home/johannes/CMPUT663/cmput663-cpp-replic/cppstats/projects/httpd-2.4.28/_cppstats/support/suexec.h.xml,23,7,7,1.0,0.0,,,,,,,,7,0,0,0,0,0,0,1,,
/home/johannes/CMPUT663/cmput663-cpp-replic/cppstats/projects/httpd-2.4.28/_cppstats/support/win32/ApacheMonitor.c.xml,1437,5,8,1.1428571428571428,0.37796447300922725,,,,,,,,5,3,0,0,0,0,0,2,,
/home/johannes/CMPUT663/cmput663-cpp-replic/cppstats/projects/httpd-2.4.28/_cppstats/support/win32/ApacheMonitor.h.xml,57,0,0,0,0,,,,,,,,0,0,0,0,0,0,0,0,,
/home/johannes/CMPUT663/cmput663-cpp-replic/cppstats/projects/httpd-2.4.28/_cppstats/support/win32/wintty.c.xml,298,2,53,1.0,0.0,,,,,,,,1,0,2,0,0,0,0,1,,
/home/johannes/CMPUT663/cmput663-cpp-replic/cppstats/projects/httpd-2.4.28/_cppstats/test/cls.c.xml,140,0,0,0,0,,,,,,,,0,0,0,0,0,0,0,0,,
/home/johannes/CMPUT663/cmput663-cpp-replic/cppstats/projects/httpd-2.4.28/_cppstats/test/test-writev.c.xml,60,1,1,1.0,0,,,,,,,,1,0,0,0,0,0,0,1,,
/home/johannes/CMPUT663/cmput663-cpp-replic/cppstats/projects/httpd-2.4.28/_cppstats/test/test_find.c.xml,38,0,0,0,0,,,,,,,,0,0,0,0,0,0,0,0,,
/home/johannes/CMPUT663/cmput663-cpp-replic/cppstats/projects/httpd-2.4.28/_cppstats/test/test_limits.c.xml,125,0,0,0,0,,,,,,,,0,0,0,0,0,0,0,0,,
/home/johannes/CMPUT663/cmput663-cpp-replic/cppstats/projects/httpd-2.4.28/_cppstats/test/test_parser.c.xml,36,0,0,0,0,,,,,,,,0,0,0,0,0,0,0,0,,
/home/johannes/CMPUT663/cmput663-cpp-replic/cppstats/projects/httpd-2.4.28/_cppstats/test/test_select.c.xml,19,0,0,0,0,,,,,,,,0,0,0,0,0,0,0,0,,
/home/johannes/CMPUT663/cmput663-cpp-replic/cppstats/projects/httpd-2.4.28/_cppstats/test/time-sem.c.xml,425,11,312,1.7692307692307692,0.4385290096535146,,,,,,,,11,10,0,0,0,0,0,2,,
FUNCTIONS,=SUM(B2:B427),,=SUM(D2:D427),"=SUM(E2:E427)/countif(E2:E427;"">0"")","=SUM(F2:F427)/countif(E2:E427;"">0"")",,,,,,,,=SUM(N2:N427),=SUM(O2:O427),=SUM(P2:P427),=SUM(Q2:Q427),=SUM(R2:R427),=SUM(S2:S427),=SUM(T2:T427),=MAX(U2:U427),,
ALL - MERGED,,662,17130,1.2035897435897436,0.5195880239384366,4.033232628398792,9.50016075046534,1.53184165232358,1.17278329591727,46,1024,37,,,,,,,,,2.066465256797583,3.8913137934226922
